name,PLD_true,PLD_pred,PLD_abs_error,LCD_true,LCD_pred,LCD_abs_error
qzd+N29+E54,9.68063,22.009111,12.328482,12.5691,26.182438,13.6133375
upb+N520+E73,11.2069,14.526697,3.3197975,16.33697,17.969275,1.6323051
umj+N87+E44,6.10146,16.296913,10.195454,7.9275,20.050219,12.122719
wfu+N233+E230,12.66659,18.281788,5.615198,16.17342,22.161644,5.988224
bcu-h+N137+E151,18.94269,14.964847,3.9778433,28.26108,18.891161,9.369919
oob+N284+E182,6.52365,10.603688,4.080038,8.17555,13.641579,5.466028
skf+N583+E38,20.82809,14.335743,6.4923477,22.10909,16.97494,5.1341515
vmo+N446+E24,12.21234,11.817564,0.39477634,15.91111,15.005243,0.9058666
edc+N654+N56+E234,13.34239,16.003273,2.660883,18.98362,19.918608,0.934988
wgy+N422+E92,18.9752,11.951469,7.023731,20.67608,14.924763,5.751318
vmt+N637+E13,8.91271,10.4704,1.5576897,11.90585,13.395964,1.4901133
smu+N286+E120,9.46112,11.572569,2.1114492,13.98464,14.547239,0.5625992
uou+N346+E74,17.06665,21.236004,4.1693535,18.07693,25.440369,7.3634396
ith+N393+N187+E216,4.48596,10.349612,5.863652,7.76877,13.178467,5.4096966
dia-f+N717+E63,18.07558,18.349802,0.27422142,20.64806,22.373499,1.7254391
vmf+N270+E8,13.35389,12.15427,1.1996202,15.23266,15.391181,0.1585207
smh+N220+E123,36.03447,11.4857235,24.548746,36.24411,14.562936,21.681175
bor-e+N206+E115,11.58792,8.315466,3.2724543,20.10091,10.824102,9.276808
uoz+N450+E70,14.32847,17.049698,2.7212276,15.65681,22.536657,6.8798475
cco+N243+E49,5.81929,10.084301,4.265011,9.92611,12.929927,3.0038166
und+N310+E127,13.50004,14.992291,1.4922514,14.25744,18.122427,3.8649874
bcu-j+N206+E201,8.79398,13.869201,5.075221,12.22325,17.012253,4.7890024
wli+N272+E97,21.65755,19.3681,2.2894516,23.72167,23.717556,0.004114151
uou+N237+E48,9.29319,14.261991,4.9688005,12.02407,17.319239,5.295169
wnr+N446+E50,9.15975,8.299719,0.8600311,10.1402,10.900077,0.7598772
sxc+N36+E128,4.86285,10.799917,5.937067,6.5370693,13.562931,7.0258617
wki+N179+E195,10.43821,12.381794,1.9435844,12.85508,15.240688,2.3856087
unc+N256+E138,7.99076,13.290704,5.299944,11.99333,16.489174,4.495844
vbf+N383+E85,8.61003,14.018096,5.408066,12.06028,17.220888,5.1606083
wkm+N356+E195,25.86598,14.8769,10.98908,27.45472,17.989964,9.464756
acs-a+N697+E222,38.71232,16.04051,22.671808,41.93538,19.521929,22.41345
edc+N390+N107+E165,6.46255,7.9662647,1.5037146,8.33467,10.548767,2.214097
xfw+N206+E141,19.73001,17.33107,2.3989391,24.1496,21.3099,2.8396988
rob+N457+E230,12.78301,12.072423,0.71058655,15.25955,15.893675,0.63412476
wff+N423+E40,9.83786,16.276876,6.4390163,16.68975,20.177248,3.4874973
ure+N435+E63,6.56094,15.387156,8.826216,9.33789,18.84244,9.50455
fst+N206+E130,31.22896,16.198677,15.030283,32.85874,19.808842,13.0499
gis+N371+E37,12.44168,13.269359,0.8276787,18.35324,16.917875,1.4353638
wgv+N356+E11,12.9142,14.973816,2.059616,14.85407,18.28075,3.4266806
fnv+N383+E220,10.34241,11.243931,0.9015207,12.07526,14.143372,2.0681114
yfg+N651+E162,8.62524,10.904569,2.2793283,10.13404,13.799539,3.6654987
vcm+N446+E84,4.89028,8.90001,4.0097303,6.1491795,11.504489,5.3553095
cab+N254+E65,10.07185,16.240417,6.1685677,13.02648,19.710602,6.684122
vbn+N197+E97,16.35732,15.9006605,0.45666027,19.73822,19.711674,0.026546478
wgb+N391+E52,6.56734,12.960945,6.393605,9.61786,15.917418,6.2995577
zfl+N254+E151,4.5530396,10.674359,6.12132,7.26256,13.386279,6.123719
vbt+N422+E15,12.43588,11.665643,0.77023697,13.52248,14.653152,1.1306725
vbw+N422+E172,12.68997,15.826001,3.1360312,21.08578,19.449183,1.6365967
wfy+N599+E72,6.68129,10.398279,3.716989,12.96174,13.252669,0.2909298
tce+N83+E182,4.6427,9.690641,5.047941,10.31267,12.471243,2.1585732
wmo+N541+E149,11.74437,9.650051,2.0943193,14.39792,12.381607,2.0163126
skc+N300+E202,4.5158596,9.033428,4.5175686,6.0342693,11.777964,5.7436943
vcs+N566+E224,10.79992,12.372065,1.5721445,15.03948,16.14506,1.1055794
acs+N343+E176,10.99569,13.433327,2.4376364,15.0157,16.33437,1.3186693
nce+N444+E43,5.20798,10.763755,5.5557747,13.13789,14.396536,1.258646
snq+N691+E150,21.80298,15.797206,6.0057745,22.97282,19.479618,3.4932022
dft+N267+E110,29.2075,16.070366,13.137135,33.20232,19.974865,13.227455
wiv+N628+E67,7.62765,11.030428,3.4027781,9.17961,14.39039,5.21078
eta+N682+E60,32.94821,18.478214,14.469997,34.73529,22.376932,12.358358
wlc+N242+E114,33.99356,18.00095,15.992611,35.43775,21.850563,13.587189
vmc+N482+E202,11.92614,10.693893,1.2322464,13.34308,13.600558,0.2574787
cml+N245+N553+E162,12.1634,13.548664,1.3852644,16.01491,16.579058,0.56414795
bcu-j+N383+E58,5.83897,9.053829,3.214859,9.08176,11.717752,2.635992
ecg+N423+E9,23.93241,22.635376,1.2970333,25.65242,27.437168,1.7847481
sno+N356+E138,10.62161,11.505104,0.8834944,12.8061,14.1319,1.3258
bcu-h+N60+E37,16.6902,19.697166,3.0069656,20.54416,23.502672,2.9585114
irl+N89+E25,13.29,11.377162,1.912838,15.30259,14.445663,0.8569269
yfh+N206+E195,10.49408,16.103937,5.6098576,12.31034,19.75751,7.4471693
hcp+N358+E194,8.17228,12.962844,4.7905636,14.1595,16.263021,2.1035213
eta-c+N176+E208,40.44467,13.872205,26.572468,40.8359,17.50249,23.33341
sne+N328+E54,14.96106,13.335423,1.6256361,19.79909,16.938332,2.8607578
wla+N391+E14,15.78371,16.250204,0.46649456,16.62042,19.92366,3.3032398
wka+N651+E143,37.48912,13.634762,23.854359,38.1345,16.537569,21.59693
foa+N206+E63,12.12551,9.952082,2.1734285,15.72611,12.672852,3.053259
whh+N336+E183,8.26724,11.405346,3.1381063,17.26627,14.476761,2.7895088
usf+N710+E216,9.11141,12.56133,3.4499197,11.86372,15.390238,3.5265179
lig+N186+E160,25.77291,18.434113,7.3387966,30.84626,23.899916,6.9463444
wfe+N111+E66,4.14258,9.514298,5.3717184,10.14172,12.351803,2.210083
fnh+N383+E172,11.461,15.700804,4.2398033,14.37946,19.072655,4.6931944
wgz+N197+E139,5.49106,8.430216,2.939156,13.50813,11.086881,2.4212494
svn+N583+E25,4.40543,12.530718,8.125288,9.46389,15.268815,5.804925
yfy+N364+E8,11.19521,20.696938,9.501727,29.37085,25.072483,4.2983665
wjp+N272+E139,8.06879,10.380191,2.3114004,10.90959,13.256962,2.347372
smj+N421+E181,21.62949,13.318038,8.311452,22.48836,16.183777,6.3045826
whe+N134+E132,11.70131,9.428106,2.2732038,13.49553,12.168815,1.3267155
noo+N172+E13,8.57035,10.744004,2.1736546,13.29144,13.698463,0.40702343
utj+N571+E133,27.48502,22.582558,4.902462,31.56476,28.415226,3.1495342
uot+N238+E96,15.63123,17.039871,1.4086409,25.6019,20.917618,4.6842823
wft+N446+E26,6.58668,10.730264,4.143584,11.24146,13.687751,2.446291
xft+N206+E84,5.3786,9.976812,4.5982122,8.74599,12.709001,3.9630108
hjm+N310+E7,8.42168,22.2214,13.799719,11.10084,27.371696,16.270857
whd+N86+E31,26.03659,21.9029,4.13369,33.15617,26.024406,7.1317635
vmz+N380+E197,5.11663,5.86373,0.7470999,7.08644,7.945608,0.85916805
neb+N73+E45,11.69654,16.46778,4.7712393,12.70894,20.182346,7.473407
ska+N233+E203,17.30556,17.5415,0.23594093,18.57632,21.216295,2.6399746
scu+N462+N112+E135,13.96664,16.213184,2.246544,16.92518,19.574528,2.6493473
fny+N254+E41,33.2501,24.262085,8.988014,34.16348,27.87643,6.2870483
wgv+N442+E226,6.5458,6.3528695,0.1929307,7.75389,8.585276,0.8313856
vml+N233+E34,15.56708,19.103426,3.5363464,17.76958,23.138182,5.368601
fee+N651+E193,28.19859,11.802555,16.396034,30.6719,14.722395,15.949505
uks+N448+E45,23.40241,25.891071,2.4886608,33.99658,30.311298,3.6852798
zfi+N206+E151,7.97686,13.867761,5.8909006,14.38594,16.67114,2.285201
wif+N536+E149,2.0856094,7.24481,5.1592007,6.43797,9.621104,3.183134
uny+N627+E104,6.5572,8.34811,1.7909102,7.31481,10.984462,3.669652
snl+N65+E67,7.89409,11.073578,3.1794877,9.89005,14.05472,4.16467
whm+N9+E201,15.26831,10.3542595,4.91405,16.43783,13.230629,3.207201
vcj+N284+E171,5.53524,9.160705,3.6254644,7.2455807,11.869056,4.623475
acs-h+N383+E105,18.37969,14.046615,4.3330755,22.40082,17.642723,4.7580967
vbw+N9+E76,7.23251,9.541702,2.3091922,11.75041,12.260117,0.5097065
wll+N272+E123,10.33615,15.691442,5.3552914,17.9607,19.526564,1.5658646
zfy+N572+E53,12.46808,12.406342,0.061738014,14.15948,15.709538,1.5500584
osc+N268+E42,19.90845,19.81919,0.0892601,22.36658,24.108742,1.7421627
deh-d+N104+E170,11.21015,10.607851,0.60229874,12.71483,13.534158,0.81932735
sod+N32+E130,15.86677,20.194986,4.3282166,30.45547,24.467583,5.9878864
xfj+N233+E70,6.58474,10.503555,3.9188151,8.34686,13.381298,5.034438
zfu+N332+E172,18.40428,19.2611,0.85682106,21.11417,23.570639,2.4564686
bct+N510+E31,9.28362,11.106141,1.8225212,12.80817,14.2473955,1.4392252
acs-a+N215+E26,28.39779,14.551577,13.846214,31.42974,17.856636,13.573105
wja+N308+E3,16.07276,15.730634,0.3421259,23.87362,19.420063,4.453556
unc+N73+E221,17.09786,17.425428,0.32756805,18.19636,21.170902,2.9745426
acs-h+N391+E180,19.95874,10.88822,9.07052,22.28868,13.697942,8.590737
xfu+N482+E147,9.99592,14.680229,4.684309,11.37865,17.869724,6.4910746
zfn+N133+E66,16.47289,11.666541,4.8063498,19.08133,14.985153,4.096176
fnh+N254+E185,6.36349,9.685762,3.3222723,7.6730194,12.584617,4.9115973
fcp+N572+E13,7.61181,11.3040695,3.6922593,14.06,14.370796,0.31079578
whd+N198+E102,10.90679,8.898038,2.0087519,14.49619,11.817888,2.6783018
yfz+N482+E114,12.05059,7.0360937,5.014496,15.24122,9.244495,5.996725
sow+N557+E99,13.19333,18.678658,5.4853277,15.35648,23.16067,7.8041897
wmb+N268+E108,4.9662704,10.629042,5.662771,9.09239,13.479246,4.386856
npo+N515+E136,37.95075,21.783619,16.16713,38.86998,26.084064,12.785915
zfm+N482+E67,3.6774302,9.087669,5.410239,7.21964,11.706497,4.4868574
tsi+N380+E23,9.08462,12.955184,3.8705635,12.11683,16.117887,4.0010576
bcu+N140+E234,7.54535,12.854704,5.309354,8.62799,15.926937,7.2989473
uog+N194+E30,27.35922,16.46791,10.89131,32.10397,22.507313,9.596657
tch+N510+E142,11.56033,8.579254,2.9810762,13.49703,11.186139,2.3108912
ecp+N375+E65,15.38125,12.8896475,2.491603,16.50502,15.787373,0.71764755
mdf+N700+E163,19.15651,14.20614,4.95037,20.69299,18.340118,2.352871
wgz+N422+E31,11.08952,22.038467,10.948947,25.49967,26.184866,0.6851959
wkk+N278+E184,17.24943,9.135911,8.113519,18.61571,11.766584,6.849125
wmb+N144+E219,12.65258,13.757319,1.1047392,15.90443,16.6799,0.7754688
wie+N628+E158,6.06139,12.299887,6.238497,8.85212,16.374836,7.5227156
zfe+N572+E185,8.3523,9.799167,1.446867,10.42637,12.760372,2.3340025
mdf+N215+E34,11.73992,21.11515,9.375231,12.4328,25.363647,12.930847
uom+N292+E110,23.7582,22.569786,1.1884136,27.40336,26.920013,0.48334694
noz+N572+E228,9.56049,12.934251,3.3737612,10.73933,15.817021,5.077691
wjk+N572+E139,10.55411,8.929649,1.6244602,11.41961,11.651289,0.23167896
ukl+N303+E131,1.7605801,7.5430584,5.7824783,4.79914,10.06751,5.2683697
unc+N520+E98,29.85867,18.82731,11.031359,31.3811,22.701002,8.680098
dft+N237+E210,24.39368,19.270367,5.123314,28.64287,23.38834,5.25453
vmi+N667+E146,8.14193,9.910994,1.769064,9.50264,12.65193,3.14929
wkf+N622+E58,4.80886,7.881563,3.0727034,8.02609,10.364214,2.3381243
vmc+N482+E89,8.02928,8.416946,0.3876667,10.51143,10.878965,0.3675356
wjo+N206+E15,11.30699,14.123552,2.8165627,12.55519,17.3643,4.8091097
unp+N237+E52,10.1389,12.506248,2.3673487,14.5537,15.321885,0.76818466
sxa+N442+E65,8.10142,12.050547,3.9491262,10.15974,15.223454,5.063714
ukt+N32+E234,23.66116,23.588976,0.07218361,28.56487,28.094494,0.47037697
sny+N356+E31,36.19832,21.861519,14.3368,37.92656,25.86787,12.058689
fcj+N242+E127,8.73311,10.157696,1.4245853,12.06892,12.932129,0.8632088
smt+N666+E225,25.17638,15.985313,9.191067,26.19733,19.561708,6.635622
fnv+N332+E87,23.91948,19.016151,4.903328,26.84105,23.009932,3.8311176
wys+N401+N485+E69,5.70631,13.4704275,7.7641177,11.11013,16.587742,5.4776115
vmr+N599+E40,8.67291,15.049271,6.376361,12.72996,18.741838,6.011878
vmd+N197+E233,13.21155,9.866535,3.3450146,14.75751,12.644152,2.1133585
zfp+N172+E162,4.94143,8.911236,3.9698057,7.7038803,11.631672,3.9277916
uoo+N215+E232,9.96695,17.010818,7.043868,15.9728,20.819344,4.8465433
dag+N428+N320+E215,24.68658,17.914436,6.7721443,27.25039,22.14411,5.1062794
mok+N158+E115,7.19871,16.085726,8.887016,9.10133,19.445456,10.344126
htp+N273+N442+E131,11.88425,9.04604,2.83821,12.91577,12.150343,0.76542664
unp+N156+E29,16.89979,15.276822,1.6229677,22.88961,18.938993,3.9506168
wmb+N354+E86,14.14754,14.537079,0.38953876,16.27509,17.49393,1.2188416
yfy+N242+E139,6.74822,9.775376,3.0271564,10.01635,12.529076,2.5127258
whh+N382+E182,5.53219,10.093936,4.561746,10.06915,12.987392,2.9182425
msp+N561+E123,9.53608,12.759653,3.2235727,13.4329,16.521114,3.088214
vct+N380+E130,5.91351,10.467506,4.5539966,8.71134,13.255096,4.5437565
sos+N701+E182,7.25652,10.509496,3.252976,12.43737,13.426504,0.98913383
nfa+N581+E8,12.06693,19.89926,7.8323298,15.57058,23.651836,8.081257
smn+N666+E50,8.32142,9.482738,1.1613178,9.60997,12.240353,2.6303825
xfy+N242+E184,6.4819,9.624064,3.1421642,9.77928,12.345434,2.5661545
acs+N645+E168,4.3086395,9.668175,5.359535,7.1610394,12.479515,5.3184757
wjx+N364+E217,23.3077,12.092415,11.215284,24.81235,15.115323,9.697026
ooa+N651+E183,16.79769,12.020634,4.7770557,18.7148,15.661352,3.0534477
wji+N649+E52,11.84087,12.391241,0.55037117,13.26498,15.228142,1.9631615
fnz+N671+E187,17.99349,15.740876,2.252614,22.86527,19.391146,3.474125
bcg+N132+E160,4.0223503,8.860945,4.8385944,5.3080997,11.547077,6.2389774
umm+N387+E186,29.50244,10.961201,18.541239,31.94308,13.971497,17.971584
ukb+N697+E205,10.60033,11.231455,0.6311245,12.94256,14.003294,1.0607338
etd+N60+E199,34.86728,18.749077,16.118202,35.6637,22.920473,12.743227
wia+N147+E58,6.13475,8.277056,2.1423059,8.97165,10.896383,1.9247332
snx+N422+E103,17.90919,13.160079,4.74911,19.23228,17.887995,1.344286
vmi+N287+E86,13.80005,12.199454,1.6005955,15.64295,15.114377,0.52857304
qtz-x+N493+E38,7.00032,13.255059,6.2547393,8.18353,16.025291,7.8417616
lcx+N103+E123,9.50057,16.740902,7.2403316,22.11966,20.623775,1.495884
wig+N268+E146,8.24667,12.947032,4.700362,10.29359,15.975336,5.6817465
smb+N92+E169,13.07021,12.720834,0.34937668,22.2391,16.610018,5.6290817
sra+N109+E211,13.69848,10.694345,3.0041342,15.60785,13.435175,2.1726751
wkn+N691+E171,26.16092,9.714536,16.446384,27.3414,12.386315,14.955085
vmi+N270+E86,12.93433,12.5622015,0.3721285,15.07976,15.431424,0.35166454
why+N628+E175,8.6623,11.940595,3.2782946,10.29153,15.875336,5.583806
wmb+N354+E123,13.3714,11.082094,2.2893057,16.78843,14.393688,2.394741
osa+N442+E96,16.44794,10.598601,5.8493395,17.82864,13.510957,4.317683
irl+N697+E177,11.00339,16.6739,5.6705103,13.57867,20.326237,6.747567
umm+N304+E115,26.76803,11.209411,15.5586195,28.83948,13.837567,15.001912
zft+N242+E128,6.56039,12.527057,5.9666667,9.24162,15.354753,6.1131325
wml+N529+E85,17.98005,10.470193,7.509856,19.78061,13.344715,6.435894
fcp+N482+E158,7.35329,11.536469,4.1831794,13.74555,14.670249,0.9246988
hcp+N297+E29,3.08566,9.789749,6.704089,7.2196693,12.510992,5.2913227
acs-g+N495+E191,26.64419,20.56578,6.078409,28.39823,25.549568,2.8486614
zfi+N254+E73,7.49262,12.277336,4.784716,13.65327,15.087742,1.4344721
zfd+N272+E172,19.70488,19.357384,0.34749603,21.90464,22.901323,0.9966831
zfh+N383+E0,3.5571804,9.199474,5.642294,7.7983494,11.955088,4.1567383
yan+N583+E40,22.7187,18.924114,3.7945862,23.70154,22.882023,0.81951714
vbw+N270+E220,7.65158,9.760075,2.1084948,11.79655,12.504178,0.70762825
vbj+N572+E185,6.1251,9.719299,3.5941992,13.195,12.684232,0.51076794
zfa+N206+E64,17.9534,21.280605,3.3272057,21.45837,25.660358,4.201988
hwx+N501+N713+E69,16.13283,18.332035,2.1992054,24.0135,22.362553,1.6509476
lvt+N688+E41,13.68421,19.433632,5.749422,16.01868,23.854656,7.8359756
uni+N461+E32,18.86829,22.92101,4.052719,22.1624,28.058847,5.896448
smb+N86+E71,7.0396,11.087812,4.0482125,12.88238,13.921476,1.0390968
hjm+N89+E226,1.0419197,4.006814,2.9648943,2.4108105,5.5328436,3.122033
wlk+N133+E182,12.04708,13.903961,1.8568811,18.4279,17.216291,1.2116089
rkf+N659+E94,13.0749,9.407909,3.6669903,14.8071,12.147684,2.6594162
yfj+N133+E57,16.58476,15.080274,1.504487,18.56564,19.022053,0.45641327
yfg+N206+E53,22.33712,14.184346,8.152774,23.92499,17.809444,6.1155453
swe+N599+E65,15.37505,12.01167,3.3633795,16.90471,14.977657,1.9270535
vco+N599+E210,10.90142,13.467675,2.5662556,15.11635,17.038105,1.9217548
rkf+N264+E104,10.48628,11.597756,1.111476,12.76939,14.557092,1.7877016
vco+N599+E149,9.0533,9.714484,0.6611843,10.69462,12.462564,1.7679443
zfu+N300+E166,11.32934,13.25029,1.9209499,12.28686,16.480787,4.193927
rgd+N297+E105,5.27642,12.544621,7.2682014,6.6301994,15.51138,8.881181
edc+N616+N107+E143,12.42461,11.529207,0.8954029,15.139,15.184699,0.04569912
fnq+N300+E216,6.9422,10.523371,3.5811706,10.27637,13.4182,3.1418295
uoo+N161+E198,17.98794,17.727617,0.26032257,25.64595,21.803051,3.8428993
umz+N305+E84,20.36361,14.57926,5.7843494,23.74269,18.041914,5.700775
wmo+N179+E58,4.4601803,9.151383,4.691203,7.8901806,11.836212,3.9460316
can+N76+E108,15.04427,15.549894,0.5056248,19.3226,19.098503,0.2240963
whv+N268+E67,6.07899,10.312993,4.234003,10.82822,13.116316,2.2880955
cdt+N51+E183,11.90381,17.381407,5.477597,13.58238,21.058502,7.476122
hex+N67+E74,8.59362,13.031085,4.4374647,10.03046,15.965825,5.9353647
dft+N435+E47,40.54427,20.371239,20.17303,46.2872,25.176796,21.110405
wjd+N105+E81,9.11576,16.318491,7.202731,18.81114,20.114834,1.3036938
xfw+N383+E58,5.75364,10.753395,4.999755,8.74592,13.638481,4.892561
fnt+N272+E108,7.11297,11.013778,3.9008079,10.91876,13.943756,3.0249958
wib+N622+E19,4.22591,8.75934,4.53343,7.03522,11.315916,4.280696
skc+N206+E128,4.9752502,9.9424095,4.9671593,6.86786,12.665037,5.7971773
zfc+N254+E44,17.31343,13.250579,4.062852,17.54859,16.08357,1.4650192
fni+N651+E226,10.27728,9.738484,0.5387955,12.37694,12.518632,0.14169216
wys+N401+N408+E133,12.46836,19.299442,6.8310823,20.26774,23.49604,3.2283
hxg+N173+E85,2.85388,8.2934,5.43952,6.20061,10.790441,4.5898304
zfx+N572+E166,15.43826,11.98426,3.4540005,16.38284,15.163331,1.2195082
snq+N278+E106,31.92954,19.385962,12.543579,34.14067,23.45656,10.684111
dia-f+N611+E226,15.6996,20.950066,5.2504654,22.6957,25.65562,2.959921
vmq+N284+E177,6.52751,10.206617,3.6791072,7.7546005,13.082923,5.3283224
smd+N595+E132,7.09045,10.755821,3.6653714,9.04594,13.713438,4.6674976
upb+N520+E111,16.9545,20.215622,3.2611217,20.29798,24.780148,4.482168
fnk+N172+E162,7.84771,9.598175,1.7504649,13.46836,12.381813,1.0865469
zfl+N482+E132,4.9211597,10.682177,5.761017,7.7763596,13.571287,5.7949276
zfq+N300+E66,7.47886,10.866433,3.3875732,11.02171,13.864761,2.843051
zfh+N482+E210,12.6968,15.94518,3.2483797,16.88479,19.636076,2.7512856
qzd+N424+E173,8.36224,17.01083,8.64859,10.83227,20.986507,10.154238
oof+N189+E29,8.7599,11.923293,3.163393,10.41211,15.039413,4.627303
bct+N247+E65,6.04535,9.577683,3.5323334,8.443069,12.342031,3.898961
vbf+N482+E202,7.48073,11.547329,4.066599,8.66675,14.46731,5.80056
fnu+N383+E143,5.1760197,10.650354,5.4743347,7.6080704,13.374015,5.7659445
wni+N446+E27,4.70265,9.339386,4.636736,8.29816,12.276993,3.9788332
wjw+N300+E201,8.36856,13.835233,5.466673,12.43813,17.126894,4.6887636
bto+N682+E228,13.33392,28.366186,15.032267,16.37941,31.484768,15.105358
vmf+N278+E94,14.73109,12.643047,2.0880423,16.87902,15.557211,1.3218098
zfx+N482+E103,18.21792,12.527481,5.690439,21.12211,17.58756,3.5345497
vmm+N599+E82,13.27397,12.727279,0.54669094,16.39122,15.860846,0.5303745
hea+N307+N433+E201,11.71865,16.606579,4.887929,18.95283,20.705784,1.7529545
whi+N356+E166,19.14025,14.056631,5.083618,20.70044,17.134548,3.5658913
yfz+N254+E206,13.86517,7.7549214,6.110248,14.80544,12.842287,1.9631529
wjf+N708+E222,31.40721,18.564674,12.842535,33.05356,22.485155,10.568403
atn+N237+E11,27.40664,17.947647,9.458992,33.67575,21.899021,11.77673
whd+N287+E166,17.32078,11.079727,6.2410526,21.27153,14.052252,7.2192783
lcv+N301+E113,41.46592,16.18478,25.28114,47.37417,19.655993,27.718176
rhr+N7+E105,19.7451,22.552155,2.8070545,39.21171,26.237345,12.974367
wiu+N556+E220,7.65441,13.7134,6.05899,10.02575,16.900692,6.874942
yfz+N482+E126,12.14659,6.7294297,5.4171605,15.06063,8.865639,6.194991
reo-e+N422+E48,6.63556,10.060234,3.424674,9.98924,12.863621,2.874381
qtz+N215+E136,14.37523,21.486485,7.1112547,16.69564,25.701733,9.006092
whw+N373+E45,16.88854,10.629272,6.259268,17.11778,13.665628,3.4521523
whh+N37+E146,7.15063,10.221311,3.0706806,13.55428,13.202703,0.3515768
sny+N356+E49,29.15688,17.571877,11.585003,29.68835,21.314083,8.374268
umh+N624+E138,11.8276,13.806946,1.9793463,18.23028,16.800097,1.4301834
kwh+N446+E172,7.33908,12.057999,4.718919,10.04823,15.271784,5.2235537
wgy+N536+E70,14.88279,10.408327,4.4744625,17.30775,13.346202,3.9615488
wnt+N446+E66,6.86098,10.006615,3.1456347,11.46208,12.919321,1.457241
nsp+N380+E172,14.63263,12.419346,2.2132845,16.52086,15.403314,1.117547
whg+N541+E132,7.28375,11.676268,4.3925176,17.61857,14.782851,2.835719
ece+N423+E188,16.8834,13.165838,3.7175617,17.85954,16.146624,1.7129173
une+N520+E54,16.30623,21.460423,5.154192,22.65547,26.181137,3.5256672
lcx+N362+E94,5.8765,11.685395,5.808895,16.89214,15.2203865,1.6717529
osf+N599+E58,4.48166,8.415865,3.934205,7.97077,11.042555,3.071785
umw+N219+E19,25.52292,17.097437,8.425484,26.61814,22.695738,3.9224014
whl+N286+E212,20.8268,8.74811,12.07869,21.21966,11.359704,9.859956
whm+N691+E185,13.35898,9.402187,3.9567928,14.7667,12.274412,2.4922876
wjt+N133+E141,32.34199,17.47868,14.863312,33.5314,21.44487,12.086529
tcc+N490+E13,5.28076,6.717902,1.4371424,7.55466,9.20224,1.6475801
vco+N446+E222,13.43414,12.398462,1.0356779,17.15352,15.467998,1.685523
ecu+N368+E78,10.77071,12.96433,2.1936197,15.04578,16.326,1.28022
irl+N719+E146,12.69167,17.894989,5.2033186,15.42879,23.103962,7.675172
unc+N708+E101,28.24974,19.720295,8.529446,30.72461,23.61857,7.106039
wke+N242+E202,34.99782,11.039843,23.95798,35.18948,14.047126,21.142353
wjs+N242+E165,5.76298,6.314317,0.55133724,8.80201,8.420437,0.38157272
hjm+N346+E226,1.8328304,4.6709585,2.838128,3.9900198,6.4172754,2.4272556
uof+N184+E73,14.73226,17.670464,2.9382038,16.70081,21.612589,4.9117794
wgx+N536+E206,5.5334,6.6645403,1.1311402,16.76718,10.552295,6.2148848
ncb+N650+E127,4.6228104,10.558986,5.9361753,6.9419193,13.224896,6.282977
noo+N671+E185,7.68481,9.787184,2.1023736,15.35421,12.73489,2.61932
uku+N76+E168,15.12978,14.539134,0.5906458,23.3574,17.741507,5.6158943
mdf+N109+E1,15.35654,23.021877,7.6653376,15.83479,27.648296,11.813506
scu+N586+N464+E165,9.98243,9.177113,0.8053179,11.53324,11.85272,0.31947994
vmq+N446+E72,7.77642,10.205439,2.4290185,9.33003,13.039722,3.709692
bcu-g+N51+E177,13.38089,11.195694,2.185196,17.8816,13.974457,3.9071426
uot+N697+E102,7.32161,9.743451,2.4218411,14.18713,12.742594,1.4445362
uku+N304+E210,27.07903,16.062527,11.016502,39.36445,20.193521,19.170927
osf+N599+E70,7.92661,10.387029,2.4604187,9.48714,13.3430805,3.8559408
uov+N385+E206,12.48954,7.6324654,4.8570747,16.19572,12.666229,3.5294914
oob+N599+E223,12.949,15.159794,2.2107935,17.61948,18.745853,1.1263733
yan+N583+E116,20.00567,16.049828,3.955843,21.11759,19.58151,1.5360794
cml+N186+N433+E64,25.10012,22.043734,3.056387,30.86973,26.727592,4.1421375
fnh+N671+E52,6.74353,10.25668,3.5131497,8.6026,13.082265,4.479665
fnw+N206+E136,29.10913,20.94527,8.16386,31.89859,25.118874,6.7797165
tch+N24+E180,8.3858,5.542036,2.8437643,11.15029,7.634,3.5162897
vcj+N284+E181,8.57438,11.365946,2.791566,10.96329,14.3688345,3.4055443
msw+N442+E212,4.1264896,6.617887,2.4913974,5.3852406,9.0441,3.6588593
bcg+N262+E104,5.85569,16.82155,10.96586,8.56117,20.759031,12.197862
una+N393+E158,22.31571,11.255943,11.059767,23.8234,14.481647,9.341754
wfi+N566+E52,6.19162,10.999338,4.8077183,7.9710693,14.53667,6.5656004
zfx+N572+E105,23.35694,13.855154,9.501785,23.92677,17.829609,6.0971603
wma+N504+E105,11.67212,13.576625,1.9045048,14.29504,17.087475,2.7924347
sth+N172+E185,8.21758,9.724817,1.5072374,13.10792,12.664233,0.4436865
fnt+N172+E223,16.45505,17.031311,0.5762615,24.20172,20.927816,3.273903
wgu+N671+E232,7.72673,14.675297,6.948567,11.103,18.24026,7.1372595
smw+N92+E45,26.06321,12.6281805,13.435029,26.89049,15.954258,10.936232
skd+N278+E53,22.84193,12.606858,10.235072,24.356,15.76083,8.595171
wgu+N671+E27,4.5662193,11.220148,6.6539288,7.2262306,14.38193,7.1556997
zfu+N242+E174,13.14811,15.867307,2.7191963,13.51613,19.62545,6.1093197
fnd+N651+E212,14.20917,10.120647,4.088523,14.86821,12.943128,1.9250822
upa+N700+E159,18.10282,11.905586,6.197233,23.86423,15.677811,8.186419
vmh+N400+E189,14.33811,10.796654,3.5414562,16.94279,13.771275,3.1715145
vco+N583+E148,13.23829,17.991539,4.753249,15.96669,21.629177,5.662487
wjg+N161+E5,15.16247,21.776157,6.6136875,16.85441,26.241371,9.386961
wje+N371+E104,17.49203,17.143112,0.348917,18.51501,21.356598,2.841587
hwx+N536+N682+E15,10.89749,13.201941,2.304451,14.09713,16.270523,2.1733932
vcj+N599+E50,4.4387894,8.605602,4.166813,5.80546,11.269213,5.4637527
wlc+N254+E189,24.96689,19.772127,5.194763,26.70448,23.820715,2.8837643
uob+N346+E70,14.41475,12.784074,1.6306763,16.41896,16.03574,0.38322067
qzd+N580+E182,5.5774,11.04647,5.4690695,6.83782,14.355351,7.5175314
sev+N599+E172,10.75079,12.7777,2.0269108,13.66914,16.19074,2.5216007
vbo+N197+E145,13.87446,14.891623,1.0171623,16.20494,17.909271,1.7043304
fee+N300+E126,25.59399,19.600376,5.993614,28.8701,23.946938,4.9231625
wml+N86+E141,32.3123,16.84839,15.463911,34.6607,20.577091,14.083611
bcu-f+N411+E92,21.36408,16.735256,4.628824,23.11586,22.697855,0.418005
sol+N442+E183,7.43006,9.777484,2.347424,10.44293,12.761124,2.3181934
gme+N238+E70,21.20175,14.154073,7.047677,24.84641,17.853994,6.9924164
wmj+N134+E185,9.21023,8.684331,0.52589893,12.34092,11.491584,0.8493366
twt+N377+E221,23.48461,18.753473,4.7311363,23.98204,23.215872,0.7661686
wys+N401+N474+E102,3.0845003,9.307446,6.222945,7.11335,12.471288,5.357938
gfy+N687+N401+E159,23.96594,10.337517,13.628424,26.55294,13.114944,13.437996
pcb+N164+E44,15.53235,13.683847,1.8485022,17.49333,16.325655,1.167675
wki+N268+E95,6.2906,9.833619,3.5430193,9.62712,12.593663,2.9665432
anh+N289+N477+E224,15.87816,15.7376,0.14056015,20.388,19.222788,1.1652126
sit+N176+N442+E14,11.81883,13.605381,1.7865515,12.99708,16.782104,3.7850246
wni+N284+E155,8.04723,10.915915,2.8686848,11.51569,13.940554,2.4248638
fnj+N482+E50,8.23243,8.737913,0.5054827,9.48704,11.32968,1.8426409
wkn+N356+E127,23.70119,14.602468,9.098723,24.2018,17.417864,6.7839355
bcu+N637+E14,8.03478,11.101643,3.066863,11.02135,14.255958,3.2346077
vcg+N583+E92,4.8496304,12.317568,7.4679375,8.65052,15.104735,6.454215
sra+N649+E173,12.78397,13.164387,0.38041687,15.56788,15.926898,0.35901833
wys+N401+N408+E24,14.04611,20.792904,6.7467937,20.61098,25.153252,4.5422726
yfz+N300+E37,21.11998,11.670677,9.449303,22.10168,14.870447,7.2312336
wiy+N485+E233,15.2033,17.93893,2.73563,17.80909,21.755138,3.9460487
snq+N691+E232,26.8922,13.876038,13.016163,28.06828,17.073013,10.995266
wgw+N421+E195,11.17921,12.836834,1.6576242,13.58462,15.647224,2.062604
dia+N256+E92,10.73506,13.446156,2.7110958,13.60343,16.653698,3.0502682
sab+N246+N134+E132,11.83063,12.80372,0.9730902,14.07353,15.830456,1.7569256
fnq+N651+E29,9.72395,12.869529,3.1455784,13.40123,15.96534,2.5641098
yfg+N206+E61,23.51649,15.199535,8.316956,25.2949,18.566677,6.728224
wgt+N391+E66,6.81295,12.179761,5.366811,9.3525,15.387436,6.034936
vbx+N343+E44,9.48279,11.84219,2.3593998,13.89844,14.8160305,0.91759014
ecn+N262+E16,5.04948,13.864544,8.815063,6.2605095,16.792395,10.531885
uot+N398+E230,17.10107,21.32043,4.2193604,31.20237,25.615295,5.5870743
fny+N572+E183,34.2472,10.953176,23.294025,35.41191,14.070043,21.34187
umy+N215+E11,16.68015,18.961754,2.2816048,19.85645,23.033253,3.1768036
mdf+N385+E110,10.51259,15.889486,5.376896,11.24456,19.927368,8.682808
hjm+N649+E99,8.88273,21.174316,12.291587,9.65693,25.42656,15.7696295
wjv+N242+E16,10.74446,12.672256,1.9277964,12.73392,15.515115,2.7811947
fnb+N572+E96,16.00042,11.692335,4.3080845,28.22083,14.637806,13.583025
zfe+N133+E123,14.88316,16.377113,1.4939537,16.67409,20.31831,3.6442204
fit+N104+N651+E36,13.24493,12.857846,0.387084,19.35305,16.09957,3.253481
fne+N572+E118,17.69449,11.943514,5.7509766,18.84005,14.913346,3.9267035
zfw+N133+E108,7.38835,9.586153,2.197803,9.14732,12.31896,3.1716404
ghw+N254+E156,3.7792206,11.1166115,7.337391,6.3213596,13.803288,7.481929
zfy+N172+E171,7.10209,10.095948,2.9938583,10.2422,12.885513,2.6433134
unj+N184+E8,20.64798,20.650696,0.0027160645,24.48783,25.23461,0.7467804
whv+N508+E13,8.64463,14.157102,5.512471,9.92903,17.488747,7.559716
ukg+N710+E31,19.93222,23.458464,3.5262432,25.36935,28.067438,2.6980877
umw+N310+E134,18.86431,13.6262245,5.238085,20.37726,16.347958,4.0293026
whb+N666+E234,11.47087,15.00917,3.5382996,19.20948,18.571676,0.63780403
reo-e+N628+E202,6.64726,12.207038,5.5597777,12.91575,16.201399,3.2856493
bct+N344+E0,0.94169044,4.8343334,3.892643,2.3936996,6.720148,4.3264484
umx+N288+E176,42.25719,16.045609,26.211582,43.79091,19.562431,24.228477
gpu+N510+E182,4.6272507,7.252491,2.6252403,6.1975994,9.830583,3.6329832
wjk+N651+E76,12.39958,11.059364,1.3402157,14.1552,14.057262,0.097937584
zfd+N133+E70,9.5425,11.40943,1.86693,10.89811,14.517389,3.619279
vbr+N92+E0,5.63165,8.014811,2.3831606,7.75439,10.538694,2.7843046
ske+N577+E16,7.75225,12.338623,4.586373,8.59159,15.385827,6.794237
zfv+N671+E45,22.35479,12.406939,9.947851,22.54958,15.829181,6.720399
wid+N356+E132,7.1629,11.938391,4.7754908,9.94557,14.770051,4.824481
acs-g+N440+E201,15.20046,19.31323,4.11277,17.99199,23.454254,5.462265
vna+N650+E189,6.27527,15.191381,8.916111,9.26209,18.639719,9.377629
zfg+N172+E123,9.69232,13.805845,4.1135254,23.75633,17.1062,6.650131
umc+N371+E111,18.41259,18.08412,0.32847023,21.53169,22.265945,0.73425484
vbw+N479+E88,7.34376,11.280529,3.936769,12.59638,14.087713,1.491333
lcy-e+N382+E48,6.39365,7.8652854,1.4716353,9.68622,10.327461,0.6412411
zfx+N254+E202,9.38027,11.53531,2.1550398,10.48023,14.485219,4.0049887
wmk+N144+E99,20.00817,17.356152,2.6520176,22.94202,21.471169,1.4708519
wmk+N691+E234,16.45215,16.719986,0.26783562,22.82278,20.655483,2.1672974
deh-d+N663+E146,3.6917095,8.060945,4.369235,4.4931107,10.589838,6.0967274
wjg+N307+E103,13.21475,0.6551914,12.559559,15.97737,8.276755,7.700615
yfz+N172+E12,34.83942,16.233782,18.605639,35.68038,20.285671,15.394711
vbt+N553+E85,18.99605,15.774836,3.2212143,20.01586,19.434315,0.5815449
cco+N243+E12,8.65512,11.646812,2.9916925,13.88812,14.981303,1.0931835
vmk+N234+E11,18.67338,15.097135,3.5762453,19.76703,18.748528,1.0185032
swe+N446+E95,7.41923,9.420346,2.0011163,8.60077,12.17682,3.5760498
vbj+N391+E13,7.46321,14.394757,6.931547,12.60213,17.641773,5.0396433
vmi+N442+E110,16.11886,11.066742,5.0521183,18.3762,14.596942,3.7792578
svj+N599+E26,14.67665,10.637074,4.0395756,17.17708,13.5665245,3.6105556
wlc+N206+E183,19.0397,11.341521,7.6981783,20.30027,14.452841,5.8474293
osa+N197+E113,18.80522,13.022461,5.7827587,20.29033,16.080141,4.21019
snl+N394+E88,6.15035,8.035892,1.8855414,6.97042,10.758927,3.7885075
zft+N383+E223,17.18989,19.149773,1.9598827,20.84239,23.374418,2.5320282
soe+N133+E37,10.89124,13.109454,2.218214,11.90078,16.741621,4.8408413
ukt+N304+E53,19.44792,15.558478,3.8894415,26.4467,19.522427,6.9242725
wjz+N671+E132,31.63773,11.404239,20.23349,32.151,14.463207,17.687794
ghw+N206+E192,3.7676296,14.48515,10.717521,6.39664,17.595968,11.199328
sab+N473+N92+E172,24.97071,23.301493,1.6692181,29.21163,27.334932,1.8766975
ukf+N109+E182,8.59177,13.76804,5.1762695,14.82407,16.99052,2.1664505
vcr+N446+E181,9.86993,11.060541,1.1906109,11.45693,14.042845,2.5859146
una+N238+E76,22.39128,15.93818,6.4530993,23.791,19.525902,4.2650986
wmd+N269+E13,12.55592,16.418318,3.8623981,14.49854,20.122238,5.623698
snp+N556+E130,13.30706,13.686378,0.37931728,15.94415,16.58489,0.6407404
sol+N667+E33,15.94251,18.132307,2.1897974,18.38436,22.261177,3.8768177
smb+N270+E67,4.28323,9.447134,5.163904,9.46796,12.126574,2.6586132
whc+N343+E52,9.3503,8.842596,0.5077038,12.247,11.467548,0.7794514
qtz-x+N504+E130,4.3098106,10.624392,6.314581,5.77252,13.458223,7.6857033
xfw+N206+E13,12.11553,12.008675,0.10685539,14.15919,14.94698,0.7877903
skf+N233+E145,20.7172,24.468622,3.751423,22.14987,27.318947,5.169077
uot+N450+E234,19.31931,17.136953,2.1823559,29.28352,23.652603,5.6309166
umd+N417+E45,19.65115,17.673674,1.9774761,22.50661,21.269054,1.2375565
yfz+N671+E118,27.6959,12.698313,14.997587,28.42235,15.931762,12.490588
pcu-h+N60+E66,16.10413,13.323868,2.780262,19.83311,16.925192,2.907919
snl+N555+E15,8.52903,13.664021,5.1349907,10.42829,16.845716,6.417426
uki+N390+E44,8.36911,15.295505,6.9263945,12.73268,18.496393,5.763713
loh+N651+E158,5.05914,12.049964,6.9908237,6.0611095,15.381575,9.320465
fnk+N482+E210,13.85515,16.057137,2.2019863,20.02548,19.760412,0.26506805
crr+N654+E67,13.28624,18.658651,5.3724117,19.29762,22.714382,3.4167614
lhb+N380+E132,4.33517,9.779184,5.4440145,6.16936,12.537363,6.368003
umf+N2+E192,19.37384,19.106398,0.2674427,23.22087,23.141773,0.07909584
wjt+N383+E8,35.79672,15.444026,20.352692,36.14812,19.335316,16.812805
wjx+N364+E66,33.73045,15.637725,18.092724,33.96642,19.308943,14.657476
qtz-x+N205+E168,3.94312,9.086686,5.143566,5.0818996,11.766628,6.6847286
soj+N508+E38,13.38353,26.238935,12.855406,16.56892,29.9374,13.368481
wji+N276+E104,33.24215,15.557863,17.684286,34.78664,19.189445,15.597195
wgu+N671+E146,5.53604,11.361036,5.8249965,8.79278,14.405662,5.6128817
tce+N83+E146,5.4367394,9.614693,4.1779532,10.1479,12.34705,2.19915
yfd+N572+E222,22.15446,12.79656,9.357901,24.56378,15.795365,8.7684145
vna+N650+E194,14.3856,16.071938,1.6863375,16.96388,19.782452,2.818571
smv+N442+E216,24.41825,9.064161,15.354088,24.99107,11.818544,13.172525
zfu+N332+E57,15.2087,20.036596,4.827896,18.48841,24.609991,6.12158
sol+N354+E71,5.53429,12.009709,6.4754195,6.75653,14.689079,7.9325495
fnt+N671+E34,14.06406,17.311924,3.2478638,21.30133,21.401367,0.10003662
uop+N551+E180,12.41074,19.68941,7.2786694,15.90578,23.548464,7.642684
vco+N599+E85,8.27895,10.00819,1.7292404,10.64974,12.810349,2.1606092
vcs+N701+E110,13.29404,11.882924,1.4111156,17.03768,15.209236,1.8284435
unf+N393+E180,9.7318,13.273681,3.5418806,12.19067,16.263258,4.072588
wmj+N481+E67,5.83017,9.866552,4.036382,9.77065,12.572193,2.8015432
llj+N107+N571+E206,11.89303,9.936217,1.9568129,13.68953,14.221695,0.5321646
ghw+N383+E149,3.0310402,8.580072,5.549032,5.71218,11.146946,5.434766
smt+N438+E208,23.82382,10.807996,13.015824,25.12012,14.088466,11.031653
cds-f+N254+E215,11.96088,17.725983,5.7651024,14.95569,21.650143,6.6944523
wjn+N482+E158,6.5088,11.413564,4.9047637,13.11489,14.575599,1.4607086
wkp+N479+E13,8.21948,9.905269,1.6857891,10.6244,12.633387,2.0089865
wfe+N329+E115,4.0610695,6.9878883,2.9268188,11.75744,9.357355,2.4000845
vmh+N356+E128,8.50953,14.304012,5.794482,10.3539,17.280241,6.926341
vmn+N284+E40,9.56079,13.889356,4.3285656,17.56714,17.234035,0.3331051
ecm+N192+E95,6.17647,8.777979,2.601509,7.40825,11.404562,3.9963121
svk+N284+E132,5.9765,11.093329,5.1168294,7.88904,14.259208,6.3701677
can+N627+E184,11.1737,14.139714,2.966014,13.37217,17.372303,4.0001326
wmd+N356+E96,12.78009,16.039389,3.2592983,15.98392,19.45516,3.47124
wkl+N270+E199,33.42917,10.949713,22.479456,34.00427,13.873512,20.130756
sab+N641+N134+E13,16.36746,15.356989,1.0104713,18.82679,18.899746,0.072956085
vmf+N691+E70,8.15559,10.089015,1.933425,11.70573,12.934921,1.2291908
acs-a+N68+E179,36.03381,20.812819,15.220991,39.4485,25.03284,14.415661
sni+N287+E25,11.67831,10.132334,1.5459766,14.54491,12.932969,1.6119413
fcu+N8+E209,3.7656803,8.65468,4.889,7.5297394,11.265554,3.735815
sod+N238+E17,19.14539,23.756088,4.6106987,36.34348,28.125957,8.217522
vma+N242+E49,12.75341,12.511959,0.24145126,14.74244,15.345221,0.60278034
wmk+N541+E18,8.79317,9.478217,0.68504715,13.72506,12.191164,1.5338964
npo+N395+E139,36.53635,17.463436,19.072914,39.36136,21.49418,17.867178
wjf+N346+E162,11.92505,13.84183,1.9167805,13.60659,16.759819,3.1532288
zfs+N391+E230,23.34823,21.800247,1.5479832,23.99153,25.991356,1.9998264
yfg+N254+E95,11.12529,10.1407585,0.9845314,13.87535,12.923301,0.95204926
vmx+N715+E0,4.7550106,8.894789,4.139778,5.5494804,11.819183,6.269703
bcg+N67+E90,6.61473,13.726762,7.112032,9.23066,16.629139,7.3984785
wmb+N354+E197,11.17218,6.844136,4.328044,12.80246,9.180101,3.6223583
yfk+N300+E166,8.544,12.905546,4.3615465,11.25101,16.04586,4.7948503
soe+N572+E154,14.89192,14.887256,0.004664421,15.77526,18.403767,2.6285067
zfk+N172+E204,5.16331,9.1765375,4.0132275,8.75196,11.902514,3.1505547
sxc+N155+E50,4.91451,7.073279,2.1587691,6.14865,9.574772,3.4261217
vmt+N566+E128,7.71753,11.559027,3.841497,11.00959,15.380165,4.370575
wjq+N572+E216,7.87984,11.113028,3.2331877,11.1227,14.125811,3.003111
sqc+N512+N369+E0,3.65662,8.195177,4.538557,5.5925903,10.8944435,5.301853
svn+N583+E179,8.90758,17.825455,8.917874,11.48796,21.599962,10.112002
pts-e+N651+E81,17.42962,15.246559,2.1830616,20.90354,18.938366,1.9651737
crb+N719+E136,26.88534,18.207245,8.678095,28.80964,23.717186,5.092455
lcy-e+N475+E0,1.7365103,2.833414,1.0969038,3.6170597,4.3695574,0.7524977
utp+N606+E182,18.15131,20.946152,2.7948418,22.11626,25.559402,3.443142
smh+N505+E143,35.7525,11.470932,24.281567,36.0742,14.177431,21.896769
umd+N90+E66,28.24521,15.514427,12.730783,30.8543,19.133701,11.720598
vmu+N566+E88,10.00063,11.772036,1.7714052,12.24406,15.747943,3.5038834
zfa+N133+E183,10.69542,12.726341,2.030921,12.73374,16.366482,3.632742
fnt+N206+E128,5.0045795,15.40004,10.39546,7.46539,18.922955,11.457564
alb+N308+N107+E161,13.531,15.448851,1.9178505,17.96314,19.221142,1.2580013
skc+N651+E142,7.65771,13.662368,6.0046577,9.62974,16.844461,7.2147217
sxc+N170+E5,9.48306,21.129818,11.646758,11.91104,25.618483,13.707442
sof+N671+E218,28.90744,17.675493,11.231947,29.76862,21.783377,7.985243
zfk+N242+E110,10.84772,15.184411,4.336691,14.78683,18.745691,3.9588614
ecl+N369+E175,5.73084,9.906766,4.1759257,8.26742,12.767427,4.5000076
tcc+N344+E174,5.84612,10.185585,4.339465,8.59129,13.017729,4.4264383
unb+N256+E160,12.40399,15.380369,2.9763794,21.50199,18.947775,2.5542145
wfz+N284+E205,5.6856,8.988308,3.3027081,7.28057,11.660692,4.380122
wys+N401+N19+E132,6.40807,14.3481,7.9400296,11.74257,18.107683,6.3651133
wkh+N179+E0,6.33668,8.536489,2.1998086,6.82347,11.214325,4.390855
acs-f+N717+E57,9.61234,23.126091,13.513751,16.12331,27.3013,11.17799
soi+N206+E25,6.77031,13.995896,7.2255864,8.21927,17.154934,8.935664
wjq+N300+E72,7.78678,11.511605,3.7248254,15.51388,14.463487,1.0503931
wjl+N206+E217,4.57255,8.871129,4.298579,8.23289,11.482689,3.2497988
zfj+N254+E180,6.10507,10.230244,4.1251736,8.96164,12.99976,4.0381193
ctn+N186+N514+E102,9.64771,10.714155,1.0664454,13.04706,14.292716,1.245656
wji+N256+E167,19.77248,12.33481,7.4376698,21.32476,15.14634,6.17842
yfw+N133+E189,12.94346,18.659674,5.716213,14.75624,22.730019,7.9737787
zfq+N651+E151,7.29363,13.394481,6.1008506,10.95273,16.276257,5.3235264
nov+N383+E183,13.8361,12.948693,0.88740635,15.38638,16.560425,1.1740446
whf+N536+E166,14.86571,10.2874565,4.5782537,18.22326,13.120262,5.1029987
wht+N612+E105,10.23942,12.77894,2.5395203,13.66723,16.091312,2.4240828
wla+N206+E105,17.88927,15.808799,2.080472,19.36739,19.44004,0.07265091
lcx+N362+E38,5.3942494,13.457901,8.063652,16.31968,17.416569,1.0968895
wkm+N179+E226,20.79658,6.717105,14.079474,21.97296,8.89151,13.0814495
xfu+N300+E171,9.36437,10.546703,1.182333,12.92629,13.436733,0.5104437
smd+N182+E127,8.88059,9.346697,0.4661064,12.39264,11.994298,0.39834213
uny+N434+E11,5.89765,5.944239,0.046589375,6.53224,7.9739504,1.4417105
vmf+N433+E170,16.89323,14.992646,1.9005842,19.11268,18.55885,0.5538311
osc+N343+E171,9.59527,9.420476,0.1747942,11.38853,12.079567,0.6910372
sva+N284+E228,7.7706,9.377031,1.6064315,8.49573,12.083704,3.5879736
vbt+N197+E217,5.08217,9.169937,4.087767,6.8130703,11.886187,5.0731163
smb+N447+E204,5.82589,10.969357,5.1434665,11.34304,14.030721,2.6876802
zfl+N651+E52,4.7387295,10.217714,5.478985,8.15217,13.030157,4.877987
wjm+N383+E63,2.9453106,8.437714,5.492403,4.92369,11.024862,6.1011724
qtz+N282+E223,22.23871,19.27965,2.9590607,24.02914,24.560146,0.53100586
soe+N482+E48,11.29701,9.971116,1.3258944,12.25891,12.717576,0.45866585
ghw+N383+E199,4.20354,10.658836,6.4552965,6.5368404,13.441001,6.9041605
zfp+N482+E8,9.88503,17.256268,7.3712378,13.90461,20.962334,7.057724
wfu+N599+E25,3.8052902,8.591027,4.785737,6.1743793,11.157396,4.983017
wys+N401+N579+E133,11.88552,17.411692,5.5261717,15.72561,21.644793,5.919183
wjm+N572+E66,11.22774,10.338323,0.88941765,12.94614,13.496723,0.5505829
qtz+N719+E85,11.6554,19.656347,8.000947,13.52288,24.345926,10.823047
ukg+N288+E97,21.71118,23.63244,1.9212608,26.97006,27.949717,0.9796562
wjh+N520+E216,28.920609,17.39933,11.521278,30.17728,21.449392,8.727888
wkf+N290+E127,7.38661,9.949486,2.5628757,8.79459,12.637857,3.8432674
gfy+N429+N401+E108,18.40985,13.33988,5.069969,21.07235,16.345268,4.7270813
sod-b+N32+N113+E49,19.26199,17.537685,1.7243042,36.03486,21.314709,14.72015
xfa+N446+E81,6.95907,11.355047,4.395977,8.19252,14.399144,6.206624
lig+N485+E158,26.58568,17.857746,8.727934,31.87953,21.900139,9.979391
afw+N310+E185,11.13421,10.5753145,0.5588951,13.72676,13.621191,0.105568886
vbx+N232+E88,10.41874,10.041569,0.37717152,14.33312,12.858764,1.4743567
sxd+N197+E221,16.48915,13.693579,2.7955704,17.28727,16.70148,0.5857887
wfx+N583+E132,7.84441,12.052599,4.208189,11.58732,14.9178505,3.3305302
umm+N87+E18,22.92046,13.8396845,9.080775,23.175,16.757332,6.4176674
lhb+N67+E76,3.3471203,9.07059,5.7234697,6.2668304,11.6349945,5.368164
uny+N310+E103,6.20164,10.696996,4.4953556,6.90197,20.695452,13.793482
vmj+N442+E158,7.76348,9.636647,1.873167,10.52179,13.046356,2.5245667
vmi+N422+E72,11.29293,12.646021,1.3530912,13.36433,15.554077,2.1897469
neb+N434+E128,6.53146,16.622019,10.090559,9.09167,20.450634,11.358964
fnu+N254+E150,6.7746,15.499594,8.724994,10.17973,19.02007,8.840339
fng+N133+E76,10.31762,12.6237955,2.3061752,10.73346,15.712529,4.9790688
wko+N481+E3,18.0392,16.145403,1.8937969,19.05017,19.847912,0.79774094
nbo-a+N682+E128,24.71913,16.996723,7.7224064,40.81816,20.770903,20.047258
uog+N342+E44,19.89988,19.954924,0.055044174,22.97893,24.123915,1.1449852
uni+N115+E18,13.22436,15.4782915,2.253931,13.64037,18.867712,5.2273417
wkc+N572+E50,5.92711,8.985045,3.0579352,9.11757,11.663893,2.5463228
llj+N358+N315+E83,29.31222,19.495062,9.817158,30.89792,23.570145,7.327776
umf+N304+E14,16.31694,16.355888,0.03894806,18.55916,20.215385,1.6562252
ftb+N300+E156,8.16765,14.045879,5.878229,9.88557,17.037363,7.1517935
smu+N289+E34,13.77653,11.572797,2.2037334,18.62429,14.7166395,3.907651
sda+N356+E162,5.7892,12.098465,6.309265,7.2234097,14.764896,7.5414867
stp+N399+N197+E11,27.85569,15.795232,12.060458,29.54101,19.5573,9.983709
nbo+N90+E65,20.97886,19.204567,1.7742939,27.09599,23.233068,3.8629208
