name,true_pld,proxy_pld,abs_error,signed_error,proxy_pld_calibrated,raw_abs_error,raw_signed_error,cal_abs_error,cal_signed_error
wft+N446+E54,7.71783,6.575454711914063,1.1423752880859377,-1.1423752880859377,7.338125629245135,1.1423752880859368,-1.1423752880859368,0.3797043707548653,-0.3797043707548653
wjp+N206+E128,7.626530000000002,6.605210781097412,1.0213192189025886,-1.0213192189025886,7.366923561368968,1.0213192189025895,-1.0213192189025895,0.2596064386310335,-0.2596064386310335
skc+N651+E105,8.573030000000001,7.882718086242676,0.6903119137573253,-0.6903119137573253,8.603295490557132,0.6903119137573253,-0.6903119137573253,0.030265490557130903,0.030265490557130903
bsn+N143+E201,6.81505,6.085789203643799,0.7292607963562014,-0.7292607963562014,6.864227212634383,0.7292607963562014,-0.7292607963562014,0.04917721263438235,0.04917721263438235
yfy+N651+E19,8.84675,8.357953071594237,0.4887969284057618,-0.4887969284057618,9.063228043028921,0.4887969284057636,-0.4887969284057636,0.21647804302892126,0.21647804302892126
dia+N113+E63,8.95123,8.22304630279541,0.7281836972045905,-0.7281836972045905,8.932665234246095,0.7281836972045905,-0.7281836972045905,0.018564765753906087,-0.018564765753906087
cco+N83+E67,2.4666900000000003,1.4211493730545044,1.045540626945496,-1.045540626945496,2.3497874727709362,1.0455406269454959,-1.0455406269454959,0.11690252722906402,-0.11690252722906402
gan+N671+E160,7.19258,6.215939044952393,0.9766409550476078,-0.9766409550476078,6.9901862656543905,0.9766409550476078,-0.9766409550476078,0.20239373434560992,-0.20239373434560992
ecp+N566+E226,6.1365,4.978986740112305,1.1575132598876952,-1.1575132598876952,5.793063477166706,1.1575132598876952,-1.1575132598876952,0.3434365228332936,-0.3434365228332936
wfe+N38+E18,4.83771,3.945079803466797,0.8926301965332026,-0.8926301965332026,4.792448053119422,0.8926301965332035,-0.8926301965332035,0.045261946880578385,-0.045261946880578385
fcu+N107+E25,2.71215,1.8186320066452024,0.8935179933547972,-0.8935179933547972,2.734471277342561,0.8935179933547974,-0.8935179933547974,0.022321277342561174,0.022321277342561174
qtz-e+N41+E217,5.00914,4.157307624816895,0.8518323751831058,-0.8518323751831058,4.9978421983060795,0.851832375183105,-0.851832375183105,0.011297801693920917,-0.011297801693920917
fnq+N572+E204,5.1155300000000015,4.596597671508789,0.5189323284912115,-0.5189323284912115,5.422987229034383,0.5189323284912124,-0.5189323284912124,0.3074572290343811,0.3074572290343811
upb+N73+E69,5.87814,5.190271377563477,0.6878686224365236,-0.6878686224365236,5.997544808710734,0.6878686224365236,-0.6878686224365236,0.11940480871073422,0.11940480871073422
wiu+N465+E168,4.23418,3.616187334060669,0.6179926659393313,-0.6179926659393313,4.4741458287349785,0.6179926659393313,-0.6179926659393313,0.23996582873497818,0.23996582873497818
hcp+N8+E48,0.3757,0.0,0.3757,-0.3757,0.9743987098642902,0.3757,-0.3757,0.5986987098642902,0.5986987098642902
bct+N83+E107,7.32206,6.8548736572265625,0.467186342773438,-0.467186342773438,7.608547363098512,0.46718634277343707,-0.46718634277343707,0.2864873630985123,0.2864873630985123
tcc+N344+E139,1.8101,0.8049071431159973,1.0051928568840027,-1.0051928568840027,1.753388069332963,1.0051928568840027,-1.0051928568840027,0.05671193066703695,-0.05671193066703695
wjl+N391+E16,7.560739999999999,6.253254890441895,1.3074851095581046,-1.3074851095581046,7.0263005514133265,1.3074851095581037,-1.3074851095581037,0.5344394485866726,-0.5344394485866726
vmf+N554+E180,6.67197,5.9029884338378915,0.7689815661621093,-0.7689815661621093,6.6873125762078525,0.7689815661621084,-0.7689815661621084,0.01534257620785251,0.01534257620785251
vcj+N446+E15,6.56918,6.105986595153809,0.4631934048461917,-0.4631934048461917,6.883774253817807,0.46319340484619165,-0.46319340484619165,0.31459425381780637,0.31459425381780637
zfi+N172+E168,5.51694,4.749410629272461,0.767529370727539,-0.767529370727539,5.570879652533078,0.767529370727539,-0.767529370727539,0.053939652533077975,0.053939652533077975
sth+N172+E131,8.34106,7.053828716278076,1.2872312837219244,-1.2872312837219244,7.80109612519995,1.2872312837219244,-1.2872312837219244,0.5399638748000504,-0.5399638748000504
ftb+N254+E167,3.51026,2.2382030487060547,1.272056951293945,-1.272056951293945,3.1405322498434414,1.2720569512939455,-1.2720569512939455,0.3697277501565588,-0.3697277501565588
reo+N35+E215,5.60351,5.218574047088623,0.38493595291137694,-0.38493595291137694,6.024936140236624,0.38493595291137694,-0.38493595291137694,0.4214261402366244,0.4214261402366244
fit+N663+N671+E73,5.56035,4.806980609893799,0.7533693901062009,-0.7533693901062009,5.626595895968598,0.7533693901062009,-0.7533693901062009,0.06624589596859831,0.06624589596859831
wjs+N254+E84,5.7214,4.664679050445557,1.0567209495544434,-1.0567209495544434,5.488876406715657,1.0567209495544434,-1.0567209495544434,0.23252359328434302,-0.23252359328434302
vmf+N86+E15,8.3772,7.488194465637207,0.8890055343627932,-0.8890055343627932,8.221475419584765,0.8890055343627932,-0.8890055343627932,0.15572458041523518,-0.15572458041523518
tce+N83+E168,3.74175,2.900477409362793,0.8412725906372072,-0.8412725906372072,3.7814815623359617,0.8412725906372072,-0.8412725906372072,0.039731562335961534,0.039731562335961534
ukl+N317+E81,1.4691299999999998,0.0,1.4691299999999998,-1.4691299999999998,0.9743987098642902,1.4691299999999998,-1.4691299999999998,0.4947312901357096,-0.4947312901357096
whh+N612+E70,3.8641,3.265501976013184,0.5985980239868165,-0.5985980239868165,4.134752440594697,0.598598023986816,-0.598598023986816,0.2706524405946973,0.2706524405946973
vmj+N356+E151,7.87803,6.910201549530028,0.9678284504699706,-0.9678284504699706,7.662093712829461,0.9678284504699715,-0.9678284504699715,0.21593628717053903,-0.21593628717053903
wjv+N391+E216,6.688460000000001,5.643949508666992,1.0445104913330088,-1.0445104913330088,6.436614631578912,1.0445104913330088,-1.0445104913330088,0.2518453684210886,-0.2518453684210886
rac+N310+E52,8.051810000000001,7.679248332977295,0.37256166702270654,-0.37256166702270654,8.406377406125863,0.37256166702270654,-0.37256166702270654,0.35456740612586124,0.35456740612586124
zfp+N364+E175,6.97132,5.897732734680176,1.0735872653198235,-1.0735872653198235,6.682226109084975,1.0735872653198246,-1.0735872653198246,0.2890938909150256,-0.2890938909150256
ukh+N276+E108,8.60693,7.528156280517577,1.078773719482422,-1.078773719482422,8.260150475264298,1.078773719482423,-1.078773719482423,0.3467795247357017,-0.3467795247357017
hcp+N8+E177,1.22392,0.0,1.22392,-1.22392,0.9743987098642902,1.22392,-1.22392,0.24952129013570967,-0.24952129013570967
nce+N444+E184,3.85635,3.3223419189453125,0.5340080810546874,-0.5340080810546874,4.189762153349294,0.5340080810546874,-0.5340080810546874,0.3334121533492942,0.3334121533492942
reo-e+N589+E14,7.6726,6.70294713973999,0.96965286026001,-0.96965286026001,7.461512836749284,0.9696528602600099,-0.9696528602600099,0.21108716325071608,-0.21108716325071608
vmu+N542+E29,7.1162899999999985,5.7950992584228525,1.3211907415771478,-1.3211907415771478,6.58289740189991,1.321190741577146,-1.321190741577146,0.5333925981000887,-0.5333925981000887
qtz-e+N560+E0,5.97649,5.454322814941406,0.5221671850585938,-0.5221671850585938,6.253093864063288,0.5221671850585938,-0.5221671850585938,0.2766038640632882,0.2766038640632882
sol+N354+E130,7.5023,6.773255348205566,0.7290446517944336,-0.7290446517944336,7.529557140674782,0.7290446517944336,-0.7290446517944336,0.027257140674781688,0.027257140674781688
wjv+N133+E226,2.78287,1.6871047019958496,1.0957652980041503,-1.0957652980041503,2.607179114913988,1.0957652980041503,-1.0957652980041503,0.17569088508601194,-0.17569088508601194
uoo+N627+E16,8.1075,7.315288543701173,0.7922114562988279,-0.7922114562988279,8.054137019709389,0.7922114562988272,-0.7922114562988272,0.05336298029061126,-0.05336298029061126
mdf+N305+E206,5.59465,4.946230411529541,0.6484195884704587,-0.6484195884704587,5.761361893152368,0.6484195884704587,-0.6484195884704587,0.16671189315236834,0.16671189315236834
rgd+N452+E206,4.04744,2.519138097763061,1.5283019022369384,-1.5283019022369384,3.41242126932712,1.5283019022369388,-1.5283019022369388,0.6350187306728801,-0.6350187306728801
wig+N554+E139,6.851,6.033548355102539,0.8174516448974609,-0.8174516448974609,6.813668504724654,0.8174516448974609,-0.8174516448974609,0.03733149527534607,-0.03733149527534607
rkf+N668+E175,8.28943,7.508757591247559,0.7806724087524408,-0.7806724087524408,8.241376418333353,0.7806724087524408,-0.7806724087524408,0.04805358166664675,-0.04805358166664675
vmr+N284+E165,3.52767,2.8901638984680176,0.6375061015319821,-0.6375061015319821,3.771500143591568,0.6375061015319825,-0.6375061015319825,0.24383014359156796,0.24383014359156796
wjs+N482+E44,7.04142,6.0638489723205575,0.9775710276794428,-0.9775710276794428,6.842993450589581,0.977571027679442,-0.977571027679442,0.19842654941041893,-0.19842654941041893
whw+N567+E128,8.48734,7.665284156799316,0.8220558432006833,-0.8220558432006833,8.392862872493723,0.8220558432006833,-0.8220558432006833,0.09447712750627701,-0.09447712750627701
zfg+N383+E51,4.9692300000000005,4.547165393829347,0.4220646061706548,-0.4220646061706548,5.3751466567945645,0.4220646061706539,-0.4220646061706539,0.405916656794564,0.405916656794564
zfs+N242+E0,8.893089999999997,8.450150489807129,0.44293951019287015,-0.44293951019287015,9.152456730303692,0.44293951019286837,-0.44293951019286837,0.25936673030369484,0.25936673030369484
rtl+N579+N108+E58,7.62104,7.079826831817628,0.5412131681823729,-0.5412131681823729,7.826257108730481,0.541213168182372,-0.541213168182372,0.20521710873048082,0.20521710873048082
svn+N583+E72,5.36299,4.74458122253418,0.6184087774658202,-0.6184087774658202,5.566205751333614,0.6184087774658202,-0.6184087774658202,0.20321575133361414,0.20321575133361414
cdl+N87+E72,4.92272,3.81721830368042,1.10550169631958,-1.10550169631958,4.668703657668157,1.10550169631958,-1.10550169631958,0.2540163423318429,-0.2540163423318429
dag+N354+N474+E48,5.90479,5.025732517242432,0.8790574827575686,-0.8790574827575686,5.838304053419382,0.8790574827575686,-0.8790574827575686,0.06648594658061846,-0.06648594658061846
vmz+N380+E67,3.39494,2.7127068042755127,0.6822331957244874,-0.6822331957244874,3.5997571179264702,0.6822331957244874,-0.6822331957244874,0.20481711792647017,0.20481711792647017
vcs+N192+E5,5.93645,5.155372142791748,0.7810778572082517,-0.7810778572082517,5.963769319484075,0.7810778572082517,-0.7810778572082517,0.027319319484075066,0.027319319484075066
ure+N371+E215,5.1253400000000005,4.558495998382568,0.5668440016174321,-0.5668440016174321,5.386112419067636,0.5668440016174321,-0.5668440016174321,0.26077241906763593,0.26077241906763593
vmo+N446+E130,8.817060000000003,7.8025407791137695,1.0145192208862321,-1.0145192208862321,8.525699870169815,1.0145192208862337,-1.0145192208862337,0.29136012983018844,-0.29136012983018844
ecp+N369+E71,5.50201,4.782871723175049,0.7191382768249515,-0.7191382768249515,5.60326330862214,0.7191382768249515,-0.7191382768249515,0.1012533086221401,0.1012533086221401
gan+N172+E104,8.4868,7.534947395324707,0.9518526046752936,-0.9518526046752936,8.266722918084477,0.9518526046752935,-0.9518526046752935,0.2200770819155231,-0.2200770819155231
irl+N89+E0,7.6808,7.088252544403076,0.5925474555969235,-0.5925474555969235,7.834411515740209,0.5925474555969235,-0.5925474555969235,0.15361151574020937,0.15361151574020937
vby+N144+E205,6.25206,5.4651288986206055,0.7869311013793947,-0.7869311013793947,6.263551994886972,0.7869311013793947,-0.7869311013793947,0.01149199488697139,0.01149199488697139
ghw+N383+E66,3.55594,2.927828311920166,0.6281116880798341,-0.6281116880798341,3.807951773522779,0.6281116880798341,-0.6281116880798341,0.2520117735227787,0.2520117735227787
qtz-x+N457+E102,7.555789999999999,6.853482246398926,0.7023077536010733,-0.7023077536010733,7.607200755308224,0.7023077536010733,-0.7023077536010733,0.05141075530822459,0.05141075530822459
wky+N442+E138,8.92651,7.939757823944093,0.9867521760559086,-0.9867521760559086,8.658498564745635,0.9867521760559077,-0.9867521760559077,0.26801143525436544,-0.26801143525436544
zfh+N383+E204,6.28124,5.480836391448975,0.8004036085510258,-0.8004036085510258,6.278753710863627,0.8004036085510258,-0.8004036085510258,0.0024862891363737205,-0.0024862891363737205
tsx+N336+N429+E102,6.751639999999999,5.819622993469237,0.9320170065307608,-0.9320170065307608,6.606631479574519,0.9320170065307618,-0.9320170065307618,0.1450085204254803,-0.1450085204254803
vmv+N38+E13,6.2499699999999985,5.599532604217528,0.6504373957824701,-0.6504373957824701,6.393627938961522,0.6504373957824701,-0.6504373957824701,0.1436579389615238,0.1436579389615238
rkf+N167+E70,5.74843,5.3558316230773935,0.39259837692260735,-0.39259837692260735,6.157774060878989,0.39259837692260646,-0.39259837692260646,0.4093440608789889,0.4093440608789889
wgt+N242+E95,3.31342,2.342583179473877,0.9708368205261227,-0.9708368205261227,3.2415513697549714,0.9708368205261229,-0.9708368205261229,0.07186863024502843,-0.07186863024502843
bcg+N131+E29,3.3583300000000005,3.0525395870208736,0.3057904129791265,-0.3057904129791265,3.9286473806373268,0.3057904129791269,-0.3057904129791269,0.5703173806373263,0.5703173806373263
fit+N407+N671+E180,5.3811,4.746094226837158,0.6350057731628418,-0.6350057731628418,5.567670037323533,0.6350057731628418,-0.6350057731628418,0.18657003732353328,0.18657003732353328
sra+N109+E226,7.46789,6.796722888946532,0.6711671110534665,-0.6711671110534665,7.552269033203577,0.6711671110534674,-0.6711671110534674,0.08437903320357698,0.08437903320357698
sos+N423+E199,8.34171,7.832600116729736,0.5091098832702645,-0.5091098832702645,8.55479130556802,0.5091098832702645,-0.5091098832702645,0.21308130556801963,0.21308130556801963
skc+N300+E137,3.93901,3.24753999710083,0.6914700028991696,-0.6914700028991696,4.117368832351941,0.69147000289917,-0.69147000289917,0.17835883235194094,0.17835883235194094
mok+N649+E149,6.771719999999998,6.045234680175781,0.726485319824218,-0.726485319824218,6.824978533417039,0.7264853198242172,-0.7264853198242172,0.05325853341704079,0.05325853341704079
vmv+N375+E131,7.31163,7.015236854553223,0.2963931454467774,-0.2963931454467774,7.763746910569592,0.2963931454467774,-0.2963931454467774,0.45211691056959236,0.45211691056959236
yfw+N482+E149,7.1908,6.132842540740968,1.0579574592590335,-1.0579574592590335,6.909765445509656,1.0579574592590326,-1.0579574592590326,0.2810345544903443,-0.2810345544903443
zfy+N482+E131,7.97617,6.997006416320801,0.9791635836791991,-0.9791635836791991,7.746103487321377,0.979163583679199,-0.979163583679199,0.230066512678623,-0.230066512678623
ecn+N586+E168,4.52623,3.7247848510742183,0.8014451489257812,-0.8014451489257812,4.579246536241163,0.8014451489257817,-0.8014451489257817,0.05301653624116298,0.05301653624116298
mok+N346+E48,5.60242,4.527106285095215,1.075313714904785,-1.075313714904785,5.355733445720524,1.0753137149047856,-1.0753137149047856,0.24668655427947606,-0.24668655427947606
pth+N304+N539+E206,8.9171,8.310980796813965,0.6061192031860347,-0.6061192031860347,9.017768262286738,0.6061192031860347,-0.6061192031860347,0.10066826228673875,0.10066826228673875
vms+N423+E27,6.82751,6.412596225738525,0.4149137742614748,-0.4149137742614748,7.18051114052437,0.4149137742614748,-0.4149137742614748,0.3530011405243698,0.3530011405243698
ukh+N164+E168,7.15665,6.10532283782959,1.05132716217041,-1.05132716217041,6.883131869292762,1.0513271621704101,-1.0513271621704101,0.27351813070723807,-0.27351813070723807
cds-f+N172+E70,6.645460000000001,5.786170959472656,0.8592890405273446,-0.8592890405273446,6.574256591665038,0.8592890405273446,-0.8592890405273446,0.07120340833496286,-0.07120340833496286
ecl+N423+E153,8.532689999999999,7.834160327911378,0.6985296720886218,-0.6985296720886218,8.556301278388386,0.6985296720886209,-0.6985296720886209,0.023611278388386836,0.023611278388386836
vcm+N446+E54,8.58173,7.478095054626465,1.1036349453735357,-1.1036349453735357,8.21170120676835,1.1036349453735355,-1.1036349453735355,0.3700287932316506,-0.3700287932316506
vbn+N278+E175,7.91644,6.7905521392822275,1.1258878607177731,-1.1258878607177731,7.546296979943086,1.1258878607177722,-1.1258878607177722,0.370143020056914,-0.370143020056914
xfa+N284+E102,4.45875,3.30920934677124,1.14954065322876,-1.14954065322876,4.177052446306003,1.1495406532287604,-1.1495406532287604,0.2816975536939976,-0.2816975536939976
qzd+N616+E58,5.69071,5.139827251434326,0.550882748565674,-0.550882748565674,5.94872496925673,0.550882748565674,-0.550882748565674,0.2580149692567302,0.2580149692567302
ocu+N657+N149+E204,3.71909,3.0819432735443115,0.6371467264556885,-0.6371467264556885,3.9571042767237983,0.6371467264556885,-0.6371467264556885,0.23801427672379827,0.23801427672379827
vmx+N369+E135,7.33408,6.8286685943603525,0.5054114056396486,-0.5054114056396486,7.583186095887043,0.5054114056396477,-0.5054114056396477,0.24910609588704258,0.24910609588704258
svk+N284+E173,5.97302,5.094863414764403,0.8781565852355957,-0.8781565852355957,5.905208955482569,0.8781565852355966,-0.8781565852355966,0.06781104451743136,-0.06781104451743136
wmo+N356+E58,7.699789999999999,7.257017135620117,0.4427728643798821,-0.4427728643798821,7.997741934581093,0.44277286437988206,-0.44277286437988206,0.2979519345810937,0.2979519345810937
wiv+N425+E13,4.38836,3.298191785812378,1.0901682141876217,-1.0901682141876217,4.166389647711589,1.0901682141876217,-1.0901682141876217,0.22197035228841067,-0.22197035228841067
wgt+N242+E182,5.0252300000000005,4.4652910232543945,0.559938976745606,-0.559938976745606,5.295908617926905,0.559938976745606,-0.559938976745606,0.2706786179269045,0.2706786179269045
uoc+N276+E128,8.518369999999999,7.876137733459473,0.6422322665405265,-0.6422322665405265,8.59692702328298,0.6422322665405265,-0.6422322665405265,0.07855702328298086,0.07855702328298086
vcy+N650+E166,3.30967,2.8070099353790283,0.5026600646209713,-0.5026600646209713,3.691023714728968,0.5026600646209718,-0.5026600646209718,0.38135371472896784,0.38135371472896784
sow+N561+E172,7.21287,6.477837562561035,0.7350324374389645,-0.7350324374389645,7.24365172464877,0.7350324374389645,-0.7350324374389645,0.030781724648770492,0.030781724648770492
wib+N197+E69,5.02338,3.9709088802337646,1.0524711197662358,-1.0524711197662358,4.817445440878307,1.0524711197662358,-1.0524711197662358,0.205934559121693,-0.205934559121693
wht+N179+E134,7.81227,6.7572083473205575,1.0550616526794432,-1.0550616526794432,7.5140268487054325,1.0550616526794423,-1.0550616526794423,0.29824315129456735,-0.29824315129456735
qzd+N654+E84,6.42312,5.41805362701416,1.0050663729858398,-1.0050663729858398,6.217992533787452,1.0050663729858398,-1.0050663729858398,0.20512746621254774,-0.20512746621254774
est+N300+E156,6.76397,6.255421161651611,0.5085488383483883,-0.5085488383483883,7.028397069299301,0.5085488383483883,-0.5085488383483883,0.2644270692993018,0.2644270692993018
ukh+N346+E0,5.30606,5.026942253112793,0.2791177468872066,-0.2791177468872066,5.839474836134927,0.2791177468872075,-0.2791177468872075,0.5334148361349262,0.5334148361349262
wft+N446+E15,4.4524300000000006,3.8012909889221187,0.6511390110778814,-0.6511390110778814,4.653289197965894,0.6511390110778819,-0.6511390110778819,0.2008591979658938,0.2008591979658938
hjm+N520+E63,2.76893,1.5152686834335327,1.2536613165664674,-1.2536613165664674,2.44087616782458,1.2536613165664674,-1.2536613165664674,0.3280538321754203,-0.3280538321754203
wys+N401+N231+E139,6.52093,5.6639509201049805,0.8569790798950194,-0.8569790798950194,6.455972003193519,0.8569790798950194,-0.8569790798950194,0.06495799680648062,-0.06495799680648062
xft+N651+E182,7.16499,6.531174659729004,0.6338153402709956,-0.6338153402709956,7.295271382287722,0.6338153402709965,-0.6338153402709965,0.13028138228772157,0.13028138228772157
sne+N645+E76,8.18394,7.561607837677003,0.6223321623229978,-0.6223321623229978,8.292524901690646,0.6223321623229969,-0.6223321623229969,0.10858490169064616,0.10858490169064616
wiu+N622+E202,5.4705,4.857755661010742,0.6127443389892582,-0.6127443389892582,5.6757360047188525,0.6127443389892582,-0.6127443389892582,0.20523600471885217,0.20523600471885217
sqp+N391+E58,6.77212,6.031798362731934,0.7403216372680665,-0.7403216372680665,6.811974861616238,0.7403216372680665,-0.7403216372680665,0.03985486161623797,0.03985486161623797
wmc+N481+E0,1.7401799999999998,0.9432257413864136,0.7969542586135863,-0.7969542586135863,1.8872528476378916,0.7969542586135863,-0.7969542586135863,0.14707284763789175,0.14707284763789175
vbn+N86+E205,7.09293,6.322811603546143,0.7701183964538574,-0.7701183964538574,7.09361755791679,0.7701183964538574,-0.7701183964538574,0.0006875579167902046,0.0006875579167902046
vbs+N508+E88,8.53917,7.573607921600343,0.9655620783996586,-0.9655620783996586,8.304138586286392,0.9655620783996577,-0.9655620783996577,0.23503141371360847,-0.23503141371360847
zft+N272+E26,8.50028,7.872894287109375,0.6273857128906251,-0.6273857128906251,8.593788014993214,0.6273857128906251,-0.6273857128906251,0.0935080149932137,0.0935080149932137
wla+N254+E51,5.37588,4.778267860412598,0.5976121395874028,-0.5976121395874028,5.5988076889459135,0.5976121395874028,-0.5976121395874028,0.22292768894591308,0.22292768894591308
wnr+N233+E158,8.22746,7.637095928192139,0.5903640718078621,-0.5903640718078621,8.365582296920426,0.590364071807862,-0.590364071807862,0.1381222969204252,0.1381222969204252
noo+N482+E149,6.7651,5.944181442260742,0.8209185577392581,-0.8209185577392581,6.7271791813440425,0.8209185577392581,-0.8209185577392581,0.037920818655957866,-0.037920818655957866
zfq+N572+E138,4.98516,4.249809265136719,0.7353507348632808,-0.7353507348632808,5.087365311821493,0.7353507348632808,-0.7353507348632808,0.10220531182149362,0.10220531182149362
smg+N589+E50,8.021139999999999,7.564242362976074,0.4568976370239248,-0.4568976370239248,8.295074596015985,0.45689763702392483,-0.45689763702392483,0.2739345960159856,0.2739345960159856
snz+N467+E167,8.54236,7.464354991912843,1.0780050080871586,-1.0780050080871586,8.19840357021004,1.0780050080871577,-1.0780050080871577,0.34395642978996044,-0.34395642978996044
vmg+N529+E14,6.73345,5.977131843566895,0.7563181564331058,-0.7563181564331058,6.759068588994655,0.756318156433105,-0.756318156433105,0.025618588994654523,0.025618588994654523
zfh+N206+E58,4.54661,3.706251859664917,0.8403581403350833,-0.8403581403350833,4.561310301943277,0.8403581403350833,-0.8403581403350833,0.014700301943276983,0.014700301943276983
ghw+N391+E15,4.66316,3.421189069747925,1.2419709302520747,-1.2419709302520747,4.285426453694475,1.2419709302520756,-1.2419709302520756,0.37773354630552536,-0.37773354630552536
une+N385+E228,7.79316,7.15480375289917,0.6383562471008304,-0.6383562471008304,7.898819794038674,0.6383562471008304,-0.6383562471008304,0.10565979403867409,0.10565979403867409
tsi+N542+E217,2.74092,2.1296453475952153,0.6112746524047852,-0.6112746524047852,3.0354700761790965,0.6112746524047847,-0.6112746524047847,0.29455007617909645,0.29455007617909645
wfe+N331+E115,3.53445,2.639887809753418,0.8945621902465821,-0.8945621902465821,3.529282874549375,0.8945621902465821,-0.8945621902465821,0.005167125450625143,-0.005167125450625143
whk+N453+E69,5.8277199999999985,5.200474262237549,0.6272457377624505,-0.6272457377624505,6.00741916336762,0.6272457377624496,-0.6272457377624496,0.17969916336762193,0.17969916336762193
vmm+N446+E57,8.2954,7.6925601959228525,0.6028398040771492,-0.6028398040771492,8.419260630828218,0.6028398040771483,-0.6028398040771483,0.12386063082821686,0.12386063082821686
zfh+N272+E70,7.2458399999999985,6.421069145202638,0.8247708547973627,-0.8247708547973627,7.188711234364545,0.8247708547973609,-0.8247708547973609,0.05712876563545333,-0.05712876563545333
wiu+N102+E166,8.11236,7.138908386230469,0.973451613769532,-0.973451613769532,7.8834362537065115,0.9734516137695319,-0.9734516137695319,0.22892374629348922,-0.22892374629348922
rob+N591+E230,7.9305,7.2108049392700195,0.7196950607299808,-0.7196950607299808,7.953017757957386,0.7196950607299808,-0.7196950607299808,0.02251775795738542,0.02251775795738542
svn+N233+E43,4.15932,3.263234615325928,0.8960853846740724,-0.8960853846740724,4.132558088283929,0.896085384674072,-0.896085384674072,0.02676191171607112,-0.02676191171607112
wjn+N300+E50,6.43369,5.791836738586426,0.6418532614135746,-0.6418532614135746,6.57973993428471,0.6418532614135746,-0.6418532614135746,0.1460499342847097,0.1460499342847097
wmk+N356+E95,8.952589999999997,8.19174861907959,0.7608413809204091,-0.7608413809204091,8.902375327144194,0.7608413809204073,-0.7608413809204073,0.0502146728558035,-0.0502146728558035
vbe+N572+E212,7.0956199999999985,6.287003040313722,0.8086169596862787,-0.8086169596862787,7.058962020350145,0.8086169596862769,-0.8086169596862769,0.03665797964985362,-0.03665797964985362
wib+N144+E186,5.05753,4.356648921966554,0.7008810780334471,-0.7008810780334471,5.1907647617475225,0.7008810780334462,-0.7008810780334462,0.1332347617475227,0.1332347617475227
unb+N238+E139,7.817639999999999,7.0766868591308585,0.7409531408691397,-0.7409531408691397,7.8232182422811825,0.7409531408691405,-0.7409531408691405,0.005578242281183421,0.005578242281183421
wko+N536+E69,5.43302,4.698081970214844,0.7349380297851562,-0.7349380297851562,5.52120376186215,0.7349380297851562,-0.7349380297851562,0.08818376186215016,0.08818376186215016
smc+N634+E123,6.566089999999999,5.485657691955566,1.080432308044433,-1.080432308044433,6.283419766849782,1.0804323080444327,-1.0804323080444327,0.2826702331502169,-0.2826702331502169
wkf+N286+E131,8.61506,7.5529136657714835,1.0621463342285151,-1.0621463342285151,8.284110679675456,1.0621463342285162,-1.0621463342285162,0.33094932032454416,-0.33094932032454416
svg+N599+E149,7.174410000000001,6.760174751281737,0.41423524871826256,-0.41423524871826256,7.516897735293292,0.41423524871826345,-0.41423524871826345,0.34248773529329135,0.34248773529329135
ukl+N581+E120,2.09212,0.0,2.09212,-2.09212,0.9743987098642902,2.09212,-2.09212,1.1177212901357096,-1.1177212901357096
vby+N593+E216,6.84651,5.921963691711426,0.9245463082885744,-0.9245463082885744,6.705676836114199,0.9245463082885745,-0.9245463082885745,0.14083316388580158,-0.14083316388580158
zfo+N383+E130,7.926,7.3702659606933585,0.5557340393066408,-0.5557340393066408,8.107344179335518,0.5557340393066417,-0.5557340393066417,0.18134417933551816,0.18134417933551816
fnj+N172+E108,8.82381,7.009522438049316,1.8142875619506835,-1.8142875619506835,7.758216496670069,1.8142875619506835,-1.8142875619506835,1.0655935033299313,-1.0655935033299313
wff+N368+E186,8.90504,8.056607246398926,0.8484327536010738,-0.8484327536010738,8.771585468658547,0.8484327536010738,-0.8484327536010738,0.13345453134145302,-0.13345453134145302
smc+N567+E153,7.33506,6.1571593284606925,1.177900671539307,-1.177900671539307,6.933299239503325,1.1779006715393079,-1.1779006715393079,0.40176076049667575,-0.40176076049667575
wib+N589+E37,5.3981900000000005,4.363304138183594,1.0348858618164067,-1.0348858618164067,5.197205681873995,1.0348858618164067,-1.0348858618164067,0.2009843181260056,-0.2009843181260056
wme+N509+E18,7.92952,6.893816947937013,1.0357030520629884,-1.0357030520629884,7.64623669079996,1.0357030520629875,-1.0357030520629875,0.28328330920003975,-0.28328330920003975
snw+N287+E51,6.70797,5.84886360168457,0.8591063983154292,-0.8591063983154292,6.634930548428545,0.8591063983154301,-0.8591063983154301,0.07303945157145542,-0.07303945157145542
fcp+N133+E146,8.24376,7.436746597290039,0.8070134027099609,-0.8070134027099609,8.171684158129885,0.8070134027099609,-0.8070134027099609,0.07207584187011484,-0.07207584187011484
nce+N650+E123,7.47012,6.800730705261231,0.6693892947387692,-0.6693892947387692,7.556147798960045,0.6693892947387683,-0.6693892947387683,0.08602779896004531,0.08602779896004531
nfc+N654+E67,6.07649,5.166215896606445,0.9102741033935544,-0.9102741033935544,5.974263907475487,0.9102741033935544,-0.9102741033935544,0.10222609252451242,-0.10222609252451242
wmk+N144+E138,6.4858699999999985,5.742446899414063,0.7434231005859369,-0.7434231005859369,6.531940434043979,0.7434231005859351,-0.7434231005859351,0.04607043404398059,0.04607043404398059
wjs+N391+E50,6.88687,5.889193058013916,0.9976769419860841,-0.9976769419860841,6.673961407605787,0.997676941986084,-0.997676941986084,0.21290859239421334,-0.21290859239421334
lom+N446+E26,5.8491,5.224390029907227,0.6247099700927734,-0.6247099700927734,6.030564850044076,0.6247099700927734,-0.6247099700927734,0.1814648500440761,0.1814648500440761
wgb+N572+E226,4.0198800000000015,3.3707120418548584,0.6491679581451422,-0.6491679581451422,4.236574771904101,0.649167958145143,-0.649167958145143,0.21669477190409925,0.21669477190409925
qtz-x+N222+E70,6.74326,6.026466369628906,0.716793630371094,-0.716793630371094,6.806814557191632,0.716793630371094,-0.716793630371094,0.06355455719163139,0.06355455719163139
snw+N433+E158,7.978239999999999,7.263535976409912,0.7147040235900874,-0.7147040235900874,8.004050870530726,0.7147040235900866,-0.7147040235900866,0.025810870530727392,0.025810870530727392
bcu-j+N391+E226,8.05195,7.288496017456055,0.763453982543945,-0.763453982543945,8.028207205274601,0.763453982543945,-0.763453982543945,0.023742794725398753,-0.023742794725398753
vcu+N369+E29,6.5903399999999985,6.045196533203125,0.5451434667968744,-0.5451434667968744,6.824941614766175,0.5451434667968735,-0.5451434667968735,0.23460161476617625,0.23460161476617625
ith+N68+N712+E122,8.48056,7.659598350524902,0.8209616494750982,-0.8209616494750982,8.387360147582346,0.8209616494750982,-0.8209616494750982,0.09319985241765494,-0.09319985241765494
vbw+N270+E182,6.62914,5.86328125,0.7658587499999996,-0.7658587499999996,6.648883952522839,0.7658587499999996,-0.7658587499999996,0.019743952522839336,0.019743952522839336
vbn+N290+E143,8.98558,8.281048774719237,0.7045312252807623,-0.7045312252807623,8.98880004288579,0.7045312252807641,-0.7045312252807641,0.003220042885789809,0.003220042885789809
wjq+N651+E92,8.92891,8.044790267944336,0.8841197320556642,-0.8841197320556642,8.760148993586949,0.8841197320556642,-0.8841197320556642,0.16876100641305136,-0.16876100641305136
ecl+N189+E139,8.21994,7.503370761871338,0.7165692381286615,-0.7165692381286615,8.23616304334813,0.7165692381286615,-0.7165692381286615,0.016223043348130517,0.016223043348130517
hcp+N297+E212,2.3463,1.374138116836548,0.972161883163452,-0.972161883163452,2.304289965782399,0.9721618831634518,-0.9721618831634518,0.042010034217600634,-0.042010034217600634
hcp+N56+E43,2.23766,1.2851334810256958,0.9525265189743042,-0.9525265189743042,2.2181512542142174,0.9525265189743042,-0.9525265189743042,0.019508745785782544,-0.019508745785782544
wki+N278+E52,5.3418199999999985,4.481961727142334,0.8598582728576654,-0.8598582728576654,5.312042529837892,0.8598582728576645,-0.8598582728576645,0.029777470162106745,-0.029777470162106745
zfm+N364+E162,4.99231,4.675851345062256,0.31645865493774394,-0.31645865493774394,5.499688956587641,0.31645865493774394,-0.31645865493774394,0.5073789565876412,0.5073789565876412
oof+N348+E125,6.5315400000000015,5.938664436340332,0.5928755636596685,-0.5928755636596685,6.721839821462742,0.5928755636596694,-0.5928755636596694,0.19029982146274094,0.19029982146274094
snw+N287+E138,4.53006,3.8982667922973633,0.6317932077026365,-0.6317932077026365,4.7471424077445965,0.6317932077026365,-0.6317932077026365,0.21708240774459675,0.21708240774459675
vbm+N630+E37,7.25369,6.448489189147949,0.8052008108520505,-0.8052008108520505,7.215248360606053,0.8052008108520505,-0.8052008108520505,0.0384416393939464,-0.0384416393939464
vbf+N272+E182,8.27827,7.651882648468018,0.6263873515319816,-0.6263873515319816,8.379892888961836,0.6263873515319816,-0.6263873515319816,0.10162288896183647,0.10162288896183647
yfx+N482+E177,6.23224,5.551932334899902,0.6803076651000977,-0.6803076651000977,6.347560384929479,0.6803076651000977,-0.6803076651000977,0.11532038492947905,0.11532038492947905
zfm+N300+E216,6.02812,4.936194896697998,1.0919251033020014,-1.0919251033020014,5.7516495190761505,1.0919251033020023,-1.0919251033020023,0.27647048092384985,-0.27647048092384985
fnt+N383+E149,8.44157,7.645611763000487,0.7959582369995122,-0.7959582369995122,8.373823924242823,0.7959582369995131,-0.7959582369995131,0.06774607575717795,-0.06774607575717795
wff+N380+E142,5.41546,4.421789646148682,0.993670353851318,-0.993670353851318,5.253807972930267,0.9936703538513187,-0.9936703538513187,0.16165202706973325,-0.16165202706973325
wff+N542+E173,3.82927,3.0452022552490234,0.7840677447509763,-0.7840677447509763,3.92154630888508,0.7840677447509767,-0.7840677447509767,0.09227630888507976,0.09227630888507976
mdf+N492+E88,6.43814,5.726781368255615,0.7113586317443845,-0.7113586317443845,6.516779328583274,0.7113586317443845,-0.7113586317443845,0.07863932858327427,0.07863932858327427
vcu+N369+E205,5.01051,3.975087404251098,1.0354225957489014,-1.0354225957489014,4.821489417597394,1.0354225957489018,-1.0354225957489018,0.18902058240260633,-0.18902058240260633
wgx+N197+E149,8.25488,7.746239185333253,0.5086408146667479,-0.5086408146667479,8.471211171875545,0.5086408146667472,-0.5086408146667472,0.21633117187554518,0.21633117187554518
wjm+N206+E149,3.5292,2.868528127670288,0.6606718723297118,-0.6606718723297118,3.7505610385289794,0.6606718723297118,-0.6606718723297118,0.22136103852897948,0.22136103852897948
wmj+N356+E52,6.47973,5.803624153137207,0.676105846862793,-0.676105846862793,6.591147797401886,0.676105846862793,-0.676105846862793,0.11141779740188618,0.11141779740188618
snk+N240+E8,8.22668,7.223001480102539,1.003678519897461,-1.003678519897461,7.964821573605086,1.003678519897461,-1.003678519897461,0.2618584263949142,-0.2618584263949142
fnq+N254+E138,5.70573,4.86055850982666,0.8451714901733398,-0.8451714901733398,5.678448602591133,0.8451714901733398,-0.8451714901733398,0.027281397408867036,-0.027281397408867036
snw+N528+E108,7.6918,6.970016002655028,0.7217839973449705,-0.7217839973449705,7.71998215738523,0.7217839973449713,-0.7217839973449713,0.028182157385230333,0.028182157385230333
sda+N31+E120,5.55456,4.670358657836914,0.8842013421630854,-0.8842013421630854,5.494373132346267,0.8842013421630863,-0.8842013421630863,0.0601868676537336,-0.0601868676537336
gpu+N243+E138,4.12482,3.35608458518982,0.7687354148101804,-0.7687354148101804,4.222418315230052,0.7687354148101799,-0.7687354148101799,0.09759831523005236,0.09759831523005236
lon+N113+E44,8.137089999999999,7.899780750274657,0.23730924972534065,-0.23730924972534065,8.619808741605754,0.2373092497253415,-0.2373092497253415,0.4827187416057548,0.4827187416057548
skb+N572+E131,8.54171,8.116399765014647,0.4253102349853517,-0.4253102349853517,8.829452684990066,0.4253102349853535,-0.4253102349853535,0.28774268499006617,0.28774268499006617
ecm+N229+E18,3.6146,3.0177557468414307,0.5968442531585691,-0.5968442531585691,3.8949835703295332,0.5968442531585691,-0.5968442531585691,0.2803835703295334,0.2803835703295334
vmb+N391+E115,8.7313,7.882844924926758,0.8484550750732414,-0.8484550750732414,8.603418245071257,0.8484550750732414,-0.8484550750732414,0.1278817549287421,-0.1278817549287421
wiz+N51+E71,7.6931,6.710562229156494,0.982537770843506,-0.982537770843506,7.468882722428139,0.9825377708435061,-0.9825377708435061,0.22421727757186094,-0.22421727757186094
yfz+N482+E183,8.72377,8.303718566894531,0.4200514331054688,-0.4200514331054688,9.010739874128381,0.4200514331054688,-0.4200514331054688,0.28696987412838126,0.28696987412838126
ure+N514+E74,6.89645,6.134994983673097,0.761455016326904,-0.761455016326904,6.911848580384694,0.7614550163269032,-0.7614550163269032,0.015398580384694327,0.015398580384694327
